"","logFC","AveExpr","t","P.Value","adj.P.Val","B","z.std"
"hsa-miR-181b-5p",2.35427217598652,10.8651620494505,7.9707271395938,1.21886919571873e-11,3.43721113192682e-09,13.3668881905492,6.77795722803917
"hsa-miR-100-5p",2.43113436660669,10.0062240813413,6.89311821643963,1.2225624104831e-09,1.72381299878117e-07,10.5059951145451,6.07725634536126
"hsa-miR-151a-5p",1.87610968701777,11.1923461256005,6.57103888095396,6.1593693207165e-09,5.78980716147351e-07,8.77689615674654,5.81237222768858
"hsa-miR-338-3p",2.36633570825882,12.5551226612026,6.59317334416339,9.28992232955936e-09,6.54939524233935e-07,8.11511412688811,5.74320849716265
"hsa-miR-181a-5p",1.54429667730489,13.2466179441313,6.11098210214554,3.6613748603924e-08,2.06501542126131e-06,7.46999935948183,5.50645211908576
"hsa-miR-219a-2-3p",2.78580309117512,9.72590884016747,6.06307003168076,6.03261655445247e-08,2.83532978059266e-06,6.64395844751191,5.41783168609228
"hsa-miR-23b-3p",1.35367537485178,12.4359809550998,5.91568342876048,8.95549251434887e-08,3.50943681417897e-06,6.51768419049156,5.34673511958263
"hsa-miR-151b",1.90166890755332,9.64725286038398,5.94931915093716,9.95584911823822e-08,3.50943681417897e-06,6.21741177214073,5.32752789757172
"hsa-miR-219a-5p",2.8834373314713,14.2574627893422,5.82936647602887,1.64479093172559e-07,5.15367825274019e-06,5.91703707970395,5.23556705729607
"hsa-miR-574-3p",1.94424420577579,10.9989569174267,5.31674665758824,9.50458851171929e-07,2.68029396030484e-05,5.2285046617889,4.90162759491846
"hsa-miR-625-5p",1.79336784846805,7.22151102747299,5.29858767415907,1.19207572845292e-06,3.05604868567022e-05,4.25265848157277,4.85695017809378
"hsa-miR-33b-5p",2.43423990942596,8.54353603618117,5.21012250986455,1.47246066242827e-06,3.46028255670643e-05,4.4746476061568,4.81493736718647
"hsa-miR-330-3p",1.5251544877155,10.7570062476635,5.09809455891456,2.28437171275088e-06,4.9553294076596e-05,4.38288214991084,4.72648721182477
"hsa-miR-151a-3p",1.70808361813303,9.36461014754705,5.04073302758409,2.9660848999879e-06,5.9745424414042e-05,3.64195825152922,4.67315448599461
"hsa-miR-338-5p",1.9690918855249,8.31039071835455,4.72503265081835,1.04532466152813e-05,0.000196521036367288,2.44467853907925,4.40757902597148
"hsa-miR-92a-3p",1.26943291789629,10.6008913052747,4.17535058092854,7.58186228247628e-05,0.00133630322728644,0.930279486972476,3.95724668152107
"hsa-miR-27b-3p",1.30993758966818,9.49758008361222,4.07740760720642,0.000107641351686605,0.00169498008386249,0.632589994717705,3.87268853225176
"hsa-let-7b-3p",1.49758732370007,7.76142656777318,4.07799510629229,0.000108190218118882,0.00169498008386249,0.555758811940196,3.87144917410731
"hsa-miR-125b-5p",0.870585636756623,14.6961474568329,3.95708162952343,0.000164340369042905,0.00243915705632101,0.326964876176684,3.76833452812901
"hsa-miR-625-3p",1.5036274681151,7.21438824938967,3.8108336924801,0.000274392490169956,0.00380125016520632,-0.266512245017497,3.63834800541281
"hsa-miR-146b-5p",-1.53855437933129,9.58168018563003,-3.80375074326891,0.000283071820813237,0.00380125016520632,-0.108215056703143,-3.63031839039046
"hsa-let-7b-5p",0.874458944954043,14.5869197719038,3.71261734282527,0.000379852128826983,0.0048690136513277,-0.472727872361064,3.55370008378328
"hsa-miR-577",1.66706220069229,7.50518598809269,3.56521686966943,0.000638252035640723,0.00782552495872539,-1.04056111799572,3.4148156060433
"hsa-miR-340-5p",0.99663960903859,9.8142861106072,3.54220086062373,0.000668617975094083,0.00785626120735547,-1.00339119624364,3.4021341969101
"hsa-miR-126-5p",-1.20125426551159,9.82673022505924,-3.18063210196128,0.00209835042560297,0.0236693928008015,-2.00317124469516,-3.07594713887557
"hsa-miR-20a-5p",0.966586518463808,9.09227413614325,2.96403624415301,0.00400907095233375,0.0434830003291583,-2.65521075528713,2.87744712146008
"hsa-miR-34a-5p",-0.977033510627598,11.4264343202091,-2.94234203307565,0.00428379384348225,0.0447418468097035,-2.63232540906122,-2.8564708156336
"hsa-miR-31-5p",-1.40345556692083,7.8986864663471,-2.88614805832055,0.00505942768261631,0.0509556645177786,-2.77986806412464,-2.80322552413914
"hsa-miR-1260b",1.09161677986486,9.17433419621485,2.86364974217751,0.00541379645601259,0.052644503468812,-2.8617299000491,2.78132227296952
"hsa-let-7d-3p",0.711633407548147,9.37192961241727,2.83038992458202,0.00588936564874302,0.0553600370981844,-3.00599895923105,2.75387833758161
"hsa-miR-99b-5p",0.687710275625008,11.35914048894,2.81639743197339,0.00612722374629101,0.0557379708533569,-3.04106886012967,2.74089417993769
"hsa-miR-140-3p",0.6318129650484,10.8098121593521,2.77786828512404,0.00684111632371456,0.0602873376027346,-3.08309295240316,2.70448109062866
"hsa-miR-17-5p",0.786472284990788,10.0744196018839,2.75712595688536,0.00723569825273489,0.0618323305233709,-3.18464819556439,2.68579724404792
"hsa-miR-19b-3p",0.717138810791067,12.9541384736386,2.70557019346159,0.00834635556452811,0.0683977911607345,-3.29314757587843,2.63772776374925
"hsa-miR-497-5p",1.03423644062716,8.964266638505,2.69948414270909,0.00848990196776898,0.0683977911607345,-3.32654082680453,2.6319393398079
"hsa-miR-221-3p",-0.922704856683342,11.1423586973985,-2.6914398793592,0.00873163291413632,0.0683977911607345,-3.22128238963898,-2.62238656623
"hsa-miR-181a-3p",1.11370463443258,7.34875997249259,2.63620263982909,0.0101062448790851,0.0765917390191767,-3.48773514819684,2.57217275312277
"hsa-miR-29a-5p",-0.992037214625645,7.58157823855515,-2.6276331013492,0.0103208726337898,0.0765917390191767,-3.47699027289926,-2.56488930293638
"hsa-miR-1268a",-1.78199753402619,7.65767826377198,-2.60793565402808,0.0109403311680424,0.0791070099843068,-3.49480232287292,-2.54459894478146
"hsa-miR-32-5p",0.988571663829036,9.12065878758917,2.54399084398298,0.0129153029565471,0.0896358832032011,-3.66947238218543,2.48609624940041
"hsa-miR-31-3p",-1.13402959614125,7.01247035631897,-2.54024457823061,0.0130321674160682,0.0896358832032011,-3.67688264190622,-2.48288904226256
"hsa-miR-532-5p",-1.01736300217965,7.48418403567494,-2.52222996037769,0.0137147089926517,0.0920844746649468,-3.71105856659482,-2.46465014438954
"hsa-miR-203a-3p",-1.19684676438893,7.82314314754131,-2.4994102354764,0.0146231606076635,0.095900727706072,-3.73806879410635,-2.44157968866817
"hsa-miR-6803-5p",-1.43908917026767,6.66051516299985,-2.39554760357618,0.0190846290934104,0.121948189101935,-3.986847068819,-2.34387377273713
"hsa-miR-25-3p",0.764424893346337,10.4885127617754,2.38517403671401,0.0194598174098832,0.121948189101935,-4.05946039916392,2.33660336358781
"hsa-miR-378a-3p",-1.13159330108689,7.45873711240055,-2.36815583749521,0.0204935246434838,0.125634216292662,-3.99288449435942,-2.31718741751365
"hsa-miR-222-3p",-0.867456068039466,10.7414543071913,-2.28610995924323,0.0250323095936092,0.149390928921952,-4.11321049462826,-2.24090376086262
"hsa-miR-26b-5p",0.883401395559581,9.17878110126403,2.27859769013807,0.0254282432207579,0.149390928921952,-4.21643176730248,2.23483408521394
"hsa-miR-19a-3p",0.720824902138542,11.0670685624462,2.2553523588509,0.0268778222137868,0.153671561124092,-4.28449234926529,2.21328762539679
"hsa-miR-24-3p",0.493007443661739,13.0650777573428,2.24475711977309,0.0275846818907015,0.153671561124092,-4.31281251089925,2.20314284944252
"hsa-miR-301a-3p",0.5057162437123,11.0333148224015,2.24313768081442,0.0277916653096762,0.153671561124092,-4.24884244845257,2.20021470739232
"hsa-miR-887-3p",0.927169828935535,7.36193991376491,2.22029531640784,0.0292559928279912,0.156629517677532,-4.45258269309296,2.18001981436022
"hsa-miR-142-5p",-1.14234472081919,9.58761787262046,-2.21773287577897,0.0294374625422311,0.156629517677532,-4.25582371583795,-2.17757808546755
"hsa-miR-103a-2-5p",-0.865750814431286,6.86787972228004,-2.20165450192702,0.0305987942108597,0.159793703101156,-4.45778793790799,-2.16225152165517
"hsa-miR-346",0.773257366529547,6.84184879955431,2.1796182627894,0.0324319318028722,0.166287359425635,-4.41265663334921,2.13904613948984
"hsa-miR-10401-5p",-1.29036651327171,6.66027836767809,-2.0068077213008,0.0481812905624251,0.239169319492586,-4.84176204129994,-1.97576595887036
"hsa-miR-33a-5p",0.73837675354369,10.0123780977888,1.99910850219034,0.049071525243094,0.239169319492586,-4.7939059721447,1.96796969029172
"hsa-miR-342-5p",-0.839735592224892,8.16664467035164,-2.00054606954438,0.0491908529452836,0.239169319492586,-4.72122871340986,-1.96693371576501
"hsa-miR-769-3p",-0.675655966430102,6.87599057754245,-1.97548000024182,0.0519322696612771,0.245237079711631,-4.76843963500205,-1.94369477024632
"hsa-miR-874-3p",0.720532640011188,9.17924078718356,1.96737152599543,0.0526404449472551,0.245237079711631,-4.92702032460777,1.93785885500023
"hsa-miR-374b-5p",0.536225562894828,11.0390485754509,1.96391323462388,0.053047737100743,0.245237079711631,-4.9302057395803,1.9345321176915
"hsa-miR-148b-3p",0.642512010404879,8.78000686259316,1.94425484623425,0.0554142673596918,0.252045538636018,-4.97064800133085,1.91561383410906
"hsa-let-7a-3p",0.672499978259344,7.85512547730284,1.91960928762478,0.0585072704562065,0.261889686803972,-5.03404015554805,1.89187775371856
"hsa-miR-195-5p",0.721327478628389,8.83216806838292,1.90608540748865,0.0603007122972962,0.265700013559961,-5.00093158325528,1.87858842910028
"hsa-miR-376a-5p",-0.770385442864254,7.56693159224709,-1.89409729125861,0.0618616761887572,0.268003865226336,-5.04767211336978,-1.86728587976076
"hsa-miR-326",-0.804252708137534,6.79468946599252,-1.88228676611911,0.0635845733641918,0.268003865226336,-5.03689486301281,-1.85508161079006
"hsa-miR-29c-5p",-0.712970914548508,9.1074904461683,-1.8650453537551,0.0658775972006527,0.268003865226336,-5.05261468513064,-1.83925562074647
"hsa-miR-93-5p",0.479697685360868,10.2389393058011,1.85979082783066,0.066626843113268,0.268003865226336,-5.11018540348521,1.83418293892728
"hsa-miR-9-3p",0.779049188498156,11.6523226081981,1.85670515259476,0.0670866379785003,0.268003865226336,-5.07792970781435,1.83109316879104
"hsa-miR-125a-5p",0.449564531595382,12.77329570646,1.85631898733877,0.067154820006507,0.268003865226336,-5.05323236832003,1.83063647855315
"hsa-miR-421",0.751785756669175,7.9212248517236,1.85359595382643,0.067591574291016,0.268003865226336,-5.07572609514405,1.82772007096258
"hsa-miR-4800-5p",-1.13461170389578,10.0706834490304,-1.848513341854,0.0684265187811921,0.268003865226336,-5.03551409772521,-1.82218764375213
"hsa-miR-340-3p",0.705936296626149,7.37622118458223,1.83164188035383,0.0709145642196386,0.27394393301285,-5.09696089521697,1.80602417027605
"hsa-miR-126-3p",-0.725349133920702,9.48670060639461,-1.8237467461344,0.0720612134477381,0.274611651246786,-5.08794390833525,-1.79873118481602
"hsa-miR-664a-3p",-0.499761284652459,10.5078974771016,-1.77241422485634,0.0802470299541891,0.301080692132926,-5.17437996478012,-1.7492545416341
"hsa-miR-320b",0.726336488375811,9.27211473172645,1.76641646879795,0.0811858630426111,0.301080692132926,-5.23083574776623,1.74384648058324
"hsa-miR-29b-2-5p",-0.680820899506799,8.08743055640224,-1.76033742773452,0.0822099762206926,0.301080692132926,-5.24781586277048,-1.73800475334611
"hsa-miR-7851-3p",-1.07306829528569,6.72626560176776,-1.74475163208245,0.0852846896104748,0.304766041782356,-5.21039746791464,-1.72081340237366
"hsa-let-7a-5p",0.358452888341283,15.7868610875638,1.73777026653688,0.0861368597705918,0.304766041782356,-5.33568741741374,1.71613760575106
"hsa-miR-1268b",-1.17497813056674,7.34700868324685,-1.73691052162263,0.0864584515694628,0.304766041782356,-5.24858222906944,-1.71438276587693
"hsa-miR-1273h-5p",-1.30661074892204,10.606585385045,-1.70755890035958,0.0917988819807758,0.319596107636775,-5.27832383009991,-1.68598399571977
"hsa-miR-454-3p",0.621777120235041,8.6673608820181,1.69499198319261,0.0940234438818324,0.32334891676435,-5.37093526811343,1.67454548031126
"hsa-miR-660-5p",-0.623494411427198,7.42895322484314,-1.64624678528631,0.103857968631899,0.350460041865101,-5.35538947808377,-1.62643115063585
"hsa-miR-320a-3p",0.522110909703413,10.2402971137524,1.64159644781368,0.104640520260524,0.350460041865101,-5.43479744321441,1.62276093211887
"hsa-miR-193b-3p",0.69716735557382,6.87775424161975,1.6368171361501,0.105635119001892,0.350460041865101,-5.52420986866305,1.6181275191247
"hsa-miR-16-5p",0.407059845172558,12.4547734675252,1.61708670456602,0.109834562135725,0.360155192119471,-5.50537130685436,1.59893717805199
"hsa-miR-15a-5p",0.696833654648836,8.42963716650706,1.59424760194064,0.115000357820659,0.372759780522135,-5.45756310180114,1.57611042107566
"hsa-miR-140-5p",0.394445824370671,10.2024842833865,1.57959437491308,0.118184275785716,0.378726883767863,-5.56731373721689,1.56244040092014
"hsa-miR-8485",-0.833735299666779,14.7481370675604,-1.55738884185216,0.123400982951541,0.391000867329601,-5.59222611521368,-1.5406541433893
"hsa-miR-342-3p",-0.405509839730362,12.1569528842954,-1.53650997667225,0.128464549559779,0.402522255287307,-5.51893361131403,-1.52018474806623
"hsa-miR-10395-3p",0.519400848396321,10.0514708324391,1.52918475291117,0.130208614093827,0.403503617301748,-5.63209399346666,1.51327975035591
"hsa-miR-7-5p",-0.569788385367399,11.1560273547493,-1.5253930511119,0.131763802326338,0.403884698435079,-5.38903042234078,-1.50718282121248
"hsa-miR-708-5p",-0.667256432368815,9.2893220130754,-1.5156725076171,0.133582009873501,0.405055126713195,-5.62784392149267,-1.50012506294056
"hsa-miR-1255b-5p",-1.08910541419082,7.49791887086803,-1.49706380306079,0.138455696395167,0.415367089185502,-5.65590365335033,-1.4815664319127
"hsa-miR-22-5p",-0.628143885197497,8.22731492187322,-1.47332804350843,0.14471946585544,0.429588309170885,-5.66691162668436,-1.45843940508236
"hsa-miR-543",-0.608799790767836,7.20887580886036,-1.46451157212787,0.147293497039775,0.432674647554338,-5.62934090118204,-1.44915788043882
"hsa-miR-379-5p",-0.594955778312159,7.48000202658172,-1.45547496236994,0.149727170529612,0.435289299890211,-5.65474774582503,-1.44049582442358
"hsa-miR-619-5p",-1.00422697523262,15.2302732234137,-1.44706936936569,0.151956122002333,0.437261493925082,-5.71072036962253,-1.43265616645317
"hsa-miR-1249-3p",0.608541418768985,7.67142395470833,1.43557558973444,0.155059587628729,0.441684885972744,-5.76273534771715,1.42188517488917
"hsa-miR-28-5p",0.384052029212882,10.4101286797967,1.41929201477518,0.159736423847043,0.44663284072649,-5.80981605105846,1.40595858246545
"hsa-miR-548h-3p",-0.917897400990469,7.17414661182453,-1.41022822007525,0.162524052589409,0.44663284072649,-5.76711272284104,-1.39663269700168
"hsa-miR-28-3p",0.505331000905928,8.79119468765816,1.40924257571858,0.162676535225945,0.44663284072649,-5.80575947519683,1.39612606760518
"hsa-miR-299-5p",-0.566231696081895,7.71045689630244,-1.40786150047109,0.163398945038022,0.44663284072649,-5.73234007788627,-1.39373068966339
"hsa-miR-1296-5p",0.569028558724204,8.27995262222016,1.40277900274977,0.16471565757289,0.44663284072649,-5.75572888611906,1.38938516945305
"hsa-miR-744-5p",-0.48131226090646,9.6812104396486,-1.38814397772361,0.169024230239619,0.450033134772457,-5.81257381744726,-1.37534590799558
"hsa-miR-1246",-0.845129122267386,10.7269671762951,-1.38616904219788,0.169584252138216,0.450033134772457,-5.8055495230744,-1.37354091053806
"hsa-miR-135a-5p",-0.681322863531919,8.23011460402625,-1.37156976241127,0.174157113540198,0.450033134772457,-5.80834896892631,-1.35896678681398
"hsa-miR-138-5p",-0.553122235251339,9.96469213928734,-1.36434806385671,0.176321087256346,0.450033134772457,-5.84887994878411,-1.35216953439686
"hsa-miR-125b-2-3p",0.505918520519534,6.72945329370237,1.36427352123437,0.176399389420595,0.450033134772457,-5.89816370601861,1.35192474889358
"hsa-miR-455-3p",-0.51242289489913,7.45329768765869,-1.36356779076145,0.176756605415234,0.450033134772457,-5.74869465788971,-1.35080905904574
"hsa-miR-107",-0.422268363683367,10.5691165731826,-1.35998578995386,0.177719709245699,0.450033134772457,-5.81992397926776,-1.34780935192413
"hsa-miR-1255a",-0.854488984565466,6.62601329645878,-1.34974835021945,0.181087866428614,0.450033134772457,-5.85460287597599,-1.33741299050408
"hsa-miR-30a-5p",0.55918970878739,7.81753767077373,1.34735335088927,0.181857530661192,0.450033134772457,-5.83155013236979,1.3350574915858
"hsa-miR-423-5p",0.397582732938012,11.0411388533811,1.34666410514237,0.181928288525036,0.450033134772457,-5.91499211931116,1.33484131405213
"hsa-miR-1972",-0.975838437785091,11.4528769848436,-1.32300360329124,0.189901536212155,0.463957585220843,-5.82816188599841,-1.31087044894877
"hsa-miR-99a-3p",-0.546153180723193,7.36955324544082,-1.31936374767874,0.190847801012829,0.463957585220843,-5.929148768484,-1.30807520933563
"hsa-miR-548z",-0.857062595922804,7.21828695350783,-1.30831376877105,0.194673889978703,0.46921399123072,-5.90537062617567,-1.29687589986549
"hsa-let-7i-3p",0.510795087185576,7.06401242745417,1.30343804943462,0.196349429303995,0.469241856472259,-5.90139454271813,1.2920222789315
"hsa-miR-5585-3p",-0.954945886132512,10.3608687228711,-1.28430709167115,0.202897428798935,0.474596283208991,-5.89445642524331,-1.27333997082809
"hsa-miR-223-3p",-0.615580538702567,10.6454020626003,-1.28383564129363,0.20312802647458,0.474596283208991,-5.73451577018479,-1.27269011565978
"hsa-miR-210-3p",-0.585604420419171,7.46818298400873,-1.28266045980803,0.20363883073861,0.474596283208991,-5.78936638664062,-1.27125251142306
"hsa-miR-4484",-0.644813723381865,6.86632374609009,-1.27563266963437,0.205918270436656,0.475975018550302,-5.95013322593377,-1.26486905912052
"hsa-miR-3135b",-0.74713263427373,6.59268126491984,-1.26335442254238,0.210283989588623,0.479991564964283,-5.9691229237107,-1.25278492427028
"hsa-miR-146a-5p",-0.632788208956943,8.84151792965557,-1.26134141111074,0.211060120764436,0.479991564964283,-5.86667269020862,-1.25065569646516
"hsa-miR-22-3p",-0.377345472005054,11.0002641842804,-1.25169238416451,0.214445066115362,0.481008390367655,-5.96412272676968,-1.24143508170127
"hsa-miR-324-5p",0.404107239838028,9.28945608275245,1.25069842791549,0.214918642504697,0.481008390367655,-5.86103751278687,1.24015344943932
"hsa-miR-598-3p",-0.422878263478378,8.52170276965919,-1.22591994328872,0.224266848724251,0.493317769254658,-5.86850011211246,-1.21526024666629
"hsa-miR-127-5p",-0.442063879615244,7.01503040452333,-1.22109367758608,0.225723449071856,0.493317769254658,-6.0446552181496,-1.21144879224872
"hsa-miR-663a",-0.762650938300756,8.41754623928077,-1.22083973522657,0.225908539752331,0.493317769254658,-6.0022241860591,-1.21096572845086
"hsa-let-7d-5p",0.239923735010978,12.8544784139643,1.21647434465495,0.227415992918814,0.493317769254658,-6.08535070706994,1.2070419394303
"hsa-miR-663b",-0.742237143531312,7.2044387742832,-1.2025892411438,0.232754665911394,0.501044395320711,-6.07225738742075,-1.19329294147743
"hsa-miR-1285-3p",-0.835374795643975,8.30109988371436,-1.18802574105683,0.238569160258501,0.50967047873407,-6.03421189978059,-1.17857071060313
"hsa-let-7g-5p",-0.21831144887933,13.9256385509184,-1.17831962241621,0.242196256318637,0.513528904374855,-6.11726927341494,-1.16951486350442
"hsa-miR-103a-3p",-0.288727318158445,12.1946428974027,-1.15014004697599,0.253593258988486,0.532216244055502,-6.0239234514051,-1.14166508518653
"hsa-miR-656-3p",-0.495750522617686,6.88051956420082,-1.14695272443541,0.254853155926469,0.532216244055502,-6.15800354144323,-1.13864043537783
"hsa-let-7e-5p",0.315669120612382,12.4750863622489,1.14253901282414,0.256671663799816,0.532216244055502,-6.15268898223669,1.1342930015814
"hsa-miR-432-5p",-0.542512601332147,7.15138275815769,-1.11629049431647,0.267818985712925,0.551277036284999,-6.10556762759929,-1.10809917851904
"hsa-miR-5701",-0.524374599219637,8.17503062818196,-1.10641529041656,0.271982207652062,0.5557897286803,-6.10720482220061,-1.0985091883885
"hsa-miR-142-3p",-0.531831138979454,11.2455785145132,-1.10026984096873,0.274754252662102,0.557415102523113,-6.04155844696596,-1.09217940571834
"hsa-miR-590-5p",0.393718005943086,7.85380111105217,1.08994377488966,0.279102766493417,0.562192715365311,-6.19527047304812,1.08233709994225
"hsa-miR-23a-3p",-0.305453994429561,12.2008677726104,-1.07685994146211,0.284810975097018,0.564247504414627,-6.20470075486953,-1.06957428508866
"hsa-miR-1285-5p",-0.766265399247159,9.30843894023532,-1.07540906476372,0.28552312460998,0.564247504414627,-6.15151117166225,-1.06799420770789
"hsa-miR-193b-5p",0.401935933581809,7.28878175973513,1.06906092961152,0.288288627850438,0.564247504414627,-6.2736441274565,1.0618833869938
"hsa-miR-376c-3p",0.383354320792336,8.48189119374915,1.0673677073303,0.289092219150159,0.564247504414627,-6.18779182566575,1.06011514366519
"hsa-miR-185-5p",0.321205190796134,10.6678792672318,1.06508944212088,0.29012726290823,0.564247504414627,-6.13701473558611,1.05784247880089
"hsa-miR-143-3p",0.510371079322226,7.923370440748,1.04434182800458,0.299548852482577,0.578580660274567,-6.26930844069985,1.037401343467
"hsa-miR-425-3p",-0.394085794806919,6.7624542099221,-1.02666693589265,0.307762828426156,0.590402160654259,-6.26068106286669,-1.01992753736823
"hsa-miR-548aj-5p",-0.597374250761243,6.58474833950301,-1.01655101461511,0.312611103844375,0.592172431296682,-6.22266278595853,-1.00975829860826
"hsa-miR-130b-3p",0.382665664430638,7.73164410434741,1.01220808276278,0.314666724419483,0.592172431296682,-6.1912357622217,1.00547802768378
"hsa-miR-6516-3p",-0.450336038840339,8.79401174298749,-1.01077448512325,0.315269084901687,0.592172431296682,-6.2224200652458,-1.0042272611814
"hsa-miR-30c-5p",0.323617438747824,9.71981649167608,1.00100758532874,0.32001445923594,0.592172431296682,-6.1297555847596,0.994428170253294
"hsa-miR-153-3p",-0.478051324640223,8.47313803741663,-0.998980483169699,0.320963891016874,0.592172431296682,-6.2261414862652,-0.992479056474234
"hsa-miR-95-3p",0.378646254397635,7.86065230246462,0.995269084357741,0.322690035809621,0.592172431296682,-6.25438828359293,0.988945032992511
"hsa-miR-10401-3p",-0.57605766842555,6.71737062080855,-0.993905903520347,0.32338494475067,0.592172431296682,-6.3033838162149,-0.987525793004976
"hsa-miR-409-3p",0.383043652581414,7.63558529820263,0.98711340970043,0.326699542257486,0.594382393010393,-6.25564739941646,0.980783448112557
"hsa-miR-137-3p",-0.39953334632742,10.1513897631631,-0.971844656782003,0.334383467592014,0.603650762462582,-6.14118620700914,-0.965322176402702
"hsa-miR-6724-5p",-0.634510675693692,7.50228569090408,-0.965338305824526,0.337368124292684,0.603650762462582,-6.31140491001255,-0.959378456051603
"hsa-miR-29c-3p",-0.266423352823917,13.2782209551927,-0.962180046396575,0.33903607665208,0.603650762462582,-6.19428010333034,-0.956071570805674
"hsa-miR-145-5p",0.528330400962531,7.50760914108353,0.959239682619499,0.340356280962945,0.603650762462582,-6.34449965898725,0.9534615258014
"hsa-miR-3648",-0.525478466194275,7.11522003083407,-0.932220232832858,0.354232974893437,0.618118592824812,-6.26510996879347,-0.926409950530203
"hsa-miR-548c-5p",-0.519956872710309,6.60607576618096,-0.930507667869122,0.355022501177728,0.618118592824812,-6.34150629366319,-0.924891206481373
"hsa-miR-485-3p",0.361452121769497,7.50486607902578,0.930656738940091,0.355089404388721,0.618118592824812,-6.18699570706011,0.924762608550753
"hsa-miR-5684",-0.677377701936609,8.45967135218132,-0.924481581499743,0.35816542734081,0.619648162638701,-6.29238648569828,-0.918866455580247
"hsa-miR-194-5p",0.364551107640793,7.50074596256127,0.918477826372856,0.361156573125998,0.621013131838606,-6.41678130104203,0.913163470154899
"hsa-miR-362-3p",-0.406266855056035,7.50290532571757,-0.900788157419089,0.370515862849283,0.630351638583069,-6.31250449680501,-0.89550749161788
"hsa-miR-548o-5p",-0.49910385961801,6.59394009550171,-0.899750366877434,0.371058056754573,0.630351638583069,-6.37112887231114,-0.894493218114405
"hsa-miR-488-3p",-0.375351035506031,7.51032838854667,-0.882372201551186,0.380290768429889,0.642167644893584,-6.36701546032954,-0.877360669987221
"hsa-miR-301b-3p",-0.354537903267242,7.24826800531643,-0.8707853281449,0.38664596383298,0.649012867862502,-6.31749707061297,-0.865715926611115
"hsa-miR-4286",0.260762794613697,10.5956318150044,0.865785494718861,0.38924629194665,0.649511564076659,-6.34625315899182,0.860985022889738
"hsa-miR-1185-5p",-0.373909554706453,7.44657683587419,-0.84993377893819,0.398015164499028,0.660236919933682,-6.38004511121815,-0.845171370611265
"hsa-miR-150-5p",-0.476699100841705,8.36902007913799,-0.842935997464394,0.401891401816643,0.662768276680078,-6.36941184804276,-0.83824805717216
"hsa-miR-574-5p",0.471378485044822,8.55728774052785,0.82560271504065,0.411512096037692,0.670882932632782,-6.48339486322048,0.821235575733717
"hsa-miR-101-3p",0.203354559878857,13.0310076005791,0.825659741841349,0.411570026047771,0.670882932632782,-6.33399434887227,0.82113385826234
"hsa-miR-132-3p",-0.270063923586667,9.49993552549396,-0.81067428742905,0.420113201465777,0.678727909023401,-6.3105245318232,-0.80622486950305
"hsa-miR-532-3p",-0.313237514244793,7.01090620291517,-0.803783424303047,0.423927189308289,0.678727909023401,-6.4551813067403,-0.799626568633041
"hsa-miR-664b-3p",0.328349431788691,10.2202246426488,0.803581206048557,0.424054404144943,0.678727909023401,-6.43888136899029,0.799407084001212
"hsa-miR-491-5p",-0.349291402732964,7.91013164994879,-0.798069142574023,0.427262827510232,0.678727909023401,-6.43872280621952,-0.793884236251766
"hsa-miR-124-3p",0.329219875073958,14.7976780379202,0.796889006865462,0.42920981695525,0.678727909023401,-6.29046557056607,0.790544547374168
"hsa-miR-323a-3p",0.331740695870383,8.97315809489371,0.784178309361484,0.435331804375033,0.678727909023401,-6.41699354076471,0.780100360344959
"hsa-miR-15b-5p",0.354086611926613,8.5964673151082,0.780218806680812,0.43766146258915,0.678727909023401,-6.38217645260985,0.776148241344908
"hsa-miR-129-2-3p",-0.35577272168009,8.82640797766546,-0.779434419530087,0.438185314267834,0.678727909023401,-6.38156008445299,-0.775261229024577
"hsa-miR-191-5p",-0.152002404045904,13.488558593425,-0.775906798418921,0.440162049300472,0.678727909023401,-6.3880650964102,-0.771919597682455
"hsa-miR-33a-3p",0.320832035337219,7.05749548749611,0.775413964845724,0.440451089898164,0.678727909023401,-6.47985203234648,0.771431702708249
"hsa-miR-485-5p",-0.320608054624078,7.49592263086579,-0.768106093661951,0.444771717523424,0.681661001856552,-6.44649469174549,-0.764160306783623
"hsa-miR-769-5p",0.27921601163524,8.64967381935399,0.72930950022074,0.467963008857198,0.711452150711688,-6.52568776425686,0.725797354665926
"hsa-miR-590-3p",0.309623586887954,7.08876923428458,0.727251346561143,0.469255673873667,0.711452150711688,-6.52343278651235,0.723690651243034
"hsa-miR-4284",-0.304392519523407,9.15292273899732,-0.721141280838049,0.472977797558987,0.712704652911127,-6.4776242030548,-0.717642415601667
"hsa-miR-628-5p",0.26932267091551,7.25138419896976,0.717564297706087,0.475136435274084,0.712704652911127,-6.54387963124315,0.714146758164571
"hsa-miR-425-5p",-0.265384352416902,9.41346280164822,-0.711573109924775,0.47881913121678,0.714428544990116,-6.53499584560974,-0.708203116306657
"hsa-miR-1307-3p",-0.323819337002663,7.1989177629305,-0.696448143727526,0.488186512593873,0.724571560797222,-6.5595717278045,-0.693196072494526
"hsa-miR-26a-5p",0.186912733407473,10.3991806967866,0.688059436031388,0.493514924326467,0.728645071518658,-6.42741726828359,0.68472903376295
"hsa-miR-328-3p",0.230727435717098,10.1981283892325,0.657758551696048,0.512600941591716,0.752882632962832,-6.58309450934831,0.654793149922118
"hsa-miR-218-5p",0.26518240684632,7.91574544480788,0.650466405827788,0.517279347801174,0.75581749264213,-6.60405802247301,0.647544895576363
"hsa-miR-190a-3p",-0.29099384808766,7.60299618144679,-0.642351590948935,0.522499394892534,0.759509429689147,-6.56400855914062,-0.639497414800395
"hsa-miR-21-5p",0.314297960448089,12.9684908756747,0.632069110225466,0.529249058099393,0.763344443268263,-6.37437404186696,0.629152751317292
"hsa-miR-30d-5p",0.245164226194724,8.33025054058271,0.629932318981436,0.530551457023332,0.763344443268263,-6.59942158846484,0.627164429550238
"hsa-miR-136-5p",-0.224889612869937,8.1151282045736,-0.600257371213898,0.550047885273236,0.786138573462698,-6.5976698433599,-0.597688372552022
"hsa-miR-128-3p",0.192990547897233,12.2631792090732,0.596723682469316,0.552698629321761,0.786138573462698,-6.44163335474585,0.593721157965339
"hsa-miR-505-3p",-0.24211312674707,7.07414328907371,-0.593169382774728,0.554757362124386,0.786138573462698,-6.60745392245291,-0.590646409572421
"hsa-miR-548aa",-0.405032282726197,8.99614718018276,-0.551290981049329,0.58300417060017,0.822035880546239,-6.60754398511629,-0.549001864042466
"hsa-miR-30e-3p",-0.172878939994524,9.14836263008345,-0.544266200914943,0.587794673796041,0.822298701275963,-6.59427369622341,-0.542034595222765
"hsa-miR-374a-5p",0.145098149918468,10.4916382266681,0.541904867503992,0.589405168579139,0.822298701275963,-6.63169585927239,0.539698218782999
"hsa-miR-127-3p",-0.197581497867729,8.02489762366779,-0.536765182094765,0.593014678592697,0.822298701275963,-6.54213198067361,-0.534472488612384
"hsa-miR-885-5p",-0.212168610463708,8.14037994612302,-0.534090352970699,0.594854379646441,0.822298701275963,-6.57358601005679,-0.531814643511655
"hsa-miR-548t-3p",-0.379350745268352,8.98252317830322,-0.517995370983532,0.605921265367822,0.833511204066954,-6.62778339873072,-0.515904278978237
"hsa-miR-9-5p",0.203100213037843,12.3901401400579,0.507605751405741,0.613183208525179,0.83940613982573,-6.59965627241229,0.505534876986246
"hsa-miR-186-5p",-0.135754020926219,9.47713381944586,-0.495306500678228,0.621754787737791,0.842177541364723,-6.65046889619683,-0.493364887238072
"hsa-miR-495-3p",-0.21662281349726,8.90512654334462,-0.49529857778631,0.621776801857949,0.842177541364723,-6.64174810544573,-0.49333372608595
"hsa-miR-331-3p",-0.128581358548111,11.0558126891687,-0.491884986861804,0.624167043068181,0.842177541364723,-6.65908671373875,-0.489953161822712
"hsa-miR-101-5p",-0.201551588141695,7.25216978134013,-0.47497897087191,0.636108746110335,0.849346585962893,-6.70339191717248,-0.473146384518311
"hsa-miR-181d-5p",0.194669350316643,7.66433529326919,0.466223817775119,0.64233465308358,0.849346585962893,-6.67075355101377,0.464437046503287
"hsa-miR-1307-5p",-0.203511751076813,6.90638580424105,-0.464223264343682,0.643811504622823,0.849346585962893,-6.65058805029019,-0.462376282388878
"hsa-miR-505-5p",-0.192949831832714,6.94087417452235,-0.462645706803964,0.644989684767508,0.849346585962893,-6.54745017906526,-0.460733684708342
"hsa-miR-361-3p",0.167893145909448,7.41837248923018,0.462319072846133,0.645148325480173,0.849346585962893,-6.65771221835399,0.460512605693301
"hsa-miR-92b-3p",0.199486155427179,9.87837004080184,0.458985099458408,0.647551475113553,0.849346585962893,-6.59434499054358,0.457166360829646
"hsa-miR-30b-5p",0.159575647719977,9.67957897846218,0.448179602623641,0.655269097488704,0.851946979164654,-6.62599700906881,0.44645432679853
"hsa-miR-3200-3p",0.163387066878435,7.67727988906923,0.447757031876484,0.65557622155578,0.851946979164654,-6.65313947860788,0.446029105818589
"hsa-miR-3651",-0.200095244114909,7.16312013916741,-0.434424257293593,0.665161277224621,0.858833232425885,-6.70713185583992,-0.432798343020332
"hsa-miR-1275",0.145764954153149,10.3411914615757,0.429914895060235,0.668424631513278,0.858833232425885,-6.71389381345867,0.428311109759353
"hsa-miR-484",-0.140133825568681,9.36313326792399,-0.426388228176451,0.670981285716675,0.858833232425885,-6.65294196808236,-0.42480163496956
"hsa-miR-4485-5p",0.182062804446051,7.47460560918091,0.423585372270826,0.67305724952525,0.858833232425885,-6.65044482568283,0.421955841468337
"hsa-let-7i-5p",0.1143847469941,11.5868022006336,0.416198584091963,0.678390007348601,0.86068627022532,-6.70956710943112,0.414661107661792
"hsa-miR-106b-5p",0.159843829559005,8.44100587271669,0.41315875839152,0.680613610851937,0.86068627022532,-6.66840403506086,0.411625946459391
"hsa-miR-124-5p",-0.167553560969353,7.24162360801775,-0.402001407577042,0.688797230289401,0.867146513132192,-6.66997348158608,-0.400487850522808
"hsa-miR-197-3p",-0.141670864529408,8.99894738024355,-0.393062562709065,0.695331272186771,0.869913197086451,-6.71984875428995,-0.391630468280348
"hsa-miR-98-5p",0.0904869081840847,10.8272559238435,0.377265088342296,0.706985799118324,0.869913197086451,-6.72658609828682,0.375907319036961
"hsa-miR-377-3p",0.16144958470332,8.67737190847808,0.371015693759121,0.711647608786203,0.869913197086451,-6.63914410704155,0.369644205960798
"hsa-miR-148a-3p",-0.198607678728148,6.84648253338548,-0.370910328844168,0.711720736740507,0.869913197086451,-6.69432216371115,-0.369546075056801
"hsa-miR-876-5p",-0.152584582833232,7.73911739229481,-0.37013082150128,0.712272656537073,0.869913197086451,-6.72487594501246,-0.368805564785016
"hsa-miR-369-3p",-0.135159193416798,7.29928706636415,-0.36733409046579,0.714362604838927,0.869913197086451,-6.72520165496345,-0.366003311114121
"hsa-miR-487b-3p",0.159155070429758,8.54299007386675,0.367263801699984,0.714401456147292,0.869913197086451,-6.72546226681335,0.365951245601149
"hsa-miR-424-5p",-0.151888439052577,9.72477777544322,-0.365596305916567,0.715673268525023,0.869913197086451,-6.51988567415618,-0.364247407915556
"hsa-miR-423-3p",-0.141993733867571,8.47760243251711,-0.358977440571867,0.72058424007473,0.872123415026068,-6.65447235016881,-0.357678078488592
"hsa-miR-382-5p",0.11297229984531,8.36272577272764,0.330484801700033,0.741940182936489,0.888057468390354,-6.65064985429421,0.329285129462631
"hsa-miR-193a-5p",-0.158125283459393,7.73712203024752,-0.327182509429951,0.744410527183656,0.888057468390354,-6.69036098504369,-0.326018276642648
"hsa-miR-4485-3p",0.168057989546782,8.00635321171471,0.3247575740809,0.746220521405156,0.888057468390354,-6.75832613920269,0.323626897910198
"hsa-miR-204-5p",-0.148976208870471,7.89926106475733,-0.321832506437049,0.748459879351783,0.888057468390354,-6.6486854606894,-0.320670797966735
"hsa-miR-149-5p",-0.12455590186161,8.72689773191302,-0.317630098267283,0.751635308325289,0.888057468390354,-6.63573704329528,-0.316483814693925
"hsa-miR-12136",0.119846614682787,8.99307730833625,0.315349438696572,0.753331182141599,0.888057468390354,-6.73247227812431,0.314249984217457
"hsa-miR-139-3p",-0.120082227620353,7.27146833424121,-0.312177079951454,0.75579359011945,0.888057468390354,-6.6451421887391,-0.311009249366022
"hsa-miR-369-5p",0.108999113742647,6.96122555243976,0.289691764511599,0.772808849591056,0.894243856724386,-6.76790135490725,0.288702761090629
"hsa-miR-451a",-0.11061015276421,10.1454371786286,-0.273338825771375,0.785517401858195,0.894243856724386,-6.38644561198956,-0.272136062260056
"hsa-miR-339-3p",0.0913961361500553,7.12496632469025,0.267227337954636,0.789988519078901,0.894243856724386,-6.77093098489388,0.26632552183994
"hsa-miR-655-3p",-0.112123273828456,7.07224079619489,-0.264441823894096,0.792140193174506,0.894243856724386,-6.75067873918512,-0.263532479263549
"hsa-miR-361-5p",0.0756395822091118,9.72818595032582,0.264061666896241,0.792418066413004,0.894243856724386,-6.76275948909788,0.26317192820389
"hsa-miR-136-3p",-0.11652834445203,7.93225246043948,-0.263906039045786,0.792547700284999,0.894243856724386,-6.74141473758412,-0.263003735046541
"hsa-miR-335-5p",-0.0970309875616913,10.7430354433,-0.260337516614057,0.795278857861873,0.894243856724386,-6.70666151624685,-0.25946192228643
"hsa-miR-383-5p",0.10627416737923,7.59224077709557,0.259353161870745,0.79604233084746,0.894243856724386,-6.74647384905347,0.258472420935419
"hsa-miR-29a-3p",-0.0607572932458762,13.3130149806086,-0.258901613567325,0.796399791224996,0.894243856724386,-6.71790039445124,-0.25800922041692
"hsa-miR-4454",0.0921309926514979,13.9588772567919,0.257234866929451,0.797687031438652,0.894243856724386,-6.68233841757985,0.256341660180763
"hsa-miR-181c-5p",-0.0979748219862966,9.87558616149935,-0.256217640722407,0.79846226507124,0.894243856724386,-6.70429664066601,-0.255337724925521
"hsa-miR-139-5p",-0.108362490667027,9.55508817519566,-0.255353889036241,0.79911153154094,0.894243856724386,-6.75673382144927,-0.254497116417954
"hsa-let-7f-5p",-0.0464479792708001,14.4677828906509,-0.2348956977906,0.814897097530358,0.904836082968367,-6.7778781446849,-0.234113201309881
"hsa-miR-99a-5p",-0.0683465536458954,11.2135026534266,-0.234270573432171,0.815399513219902,0.904836082968367,-6.63825625608025,-0.233466070786817
"hsa-miR-877-5p",0.0988677861845293,7.61896518373348,0.230622153060888,0.818202840982034,0.904836082968367,-6.80443540457114,0.229857064003934
"hsa-miR-5100",-0.10281378203906,7.49062548049538,-0.223397355589929,0.823832658009286,0.907503162338355,-6.7041808005409,-0.222618215834337
"hsa-let-7c-5p",0.0494862232190076,14.1848384648531,0.209279746637804,0.83476704445244,0.913270470814503,-6.80409162401683,0.208591630885553
"hsa-miR-30e-5p",-0.0787481193198261,9.38450911037914,-0.208292854837943,0.835545324362205,0.913270470814503,-6.67141040767645,-0.207594851934318
"hsa-miR-4449",-0.0811376943128241,8.36022649763992,-0.197421864793338,0.84402635351583,0.918978500739243,-6.65513790013938,-0.19674594538277
"hsa-miR-190a-5p",0.0645947597837235,10.5187308416847,0.191584801859502,0.848557609296987,0.920358637775963,-6.74206716950714,0.190959135239137
"hsa-miR-935",-0.0770579974824859,8.62008315190091,-0.182766489831035,0.855477276293731,0.924308781282882,-6.6527677880405,-0.182134370211828
"hsa-miR-1277-3p",0.0729444116634204,7.07004671204543,0.173347036679682,0.862839773290927,0.928705404839853,-6.69204173457519,0.172760389647721
"hsa-miR-130a-3p",-0.0584189994397804,10.258364203913,-0.167778824970001,0.867250017004398,0.929903060057947,-6.47720553719581,-0.167152552119533
"hsa-miR-1248",-0.0786314544595195,6.86420585063046,-0.149717274860251,0.881393750098409,0.941488778514209,-6.66440938775679,-0.149202623264759
"hsa-miR-494-3p",-0.0487344435570245,7.0167684008083,-0.107315390035016,0.91482294458461,0.965641638644183,-6.7224367966017,-0.106957187115075
"hsa-miR-504-5p",0.0448741868474176,7.62634411299677,0.106948650558795,0.915119193147686,0.965641638644183,-6.68417554466271,0.1065837722023
"hsa-miR-192-5p",-0.0426357504987322,7.08450376969443,-0.10524881219847,0.916451109177913,0.965641638644183,-6.79337126740879,-0.10490510366548
"hsa-miR-18b-5p",-0.0449984813355053,7.55923550033506,-0.0978971601701356,0.922261205879552,0.965641638644183,-6.81163082512927,-0.0975857934030446
"hsa-miR-27a-3p",0.033410016537573,8.65978625790783,0.0972090056318732,0.922805913175162,0.965641638644183,-6.74996132639195,0.0968998685800384
"hsa-miR-7-1-3p",-0.0365548841112826,8.90666920947682,-0.0926574256179039,0.926409623733326,0.965641638644183,-6.7808813516007,-0.0923630147506102
"hsa-miR-365b-3p",0.0297950102051932,9.04120728895187,0.0839982824026923,0.933269681990018,0.965641638644183,-6.81502047873368,0.0837317889102852
"hsa-miR-365a-3p",0.0295449592326733,9.04056316019387,0.0833576289875932,0.933777435850627,0.965641638644183,-6.81515495549348,0.0830931961168521
"hsa-miR-1277-5p",0.0307893032340845,6.77297727028514,0.0820517667711682,0.934823288474687,0.965641638644183,-6.7336473859523,0.0817779527779096
"hsa-miR-29b-3p",-0.0158885637983452,14.5472801987764,-0.0635103183428141,0.949533090324863,0.977256684202961,-6.6617588308289,-0.0632931248981793
"hsa-miR-329-3p",-0.0211127378325457,8.13869675019407,-0.051223611774844,0.959279358073798,0.983697378097494,-6.72699526419888,-0.0510579314601063
"hsa-miR-30a-3p",0.0167259259898485,7.96324361471552,0.0409825471206872,0.967412912987972,0.984773893202199,-6.81947656444037,0.0408532179058696
"hsa-miR-3613-5p",0.0139245156404453,6.74190491419492,0.0347347619876189,0.972380593930812,0.984773893202199,-6.79447396354493,0.0346227080713501
"hsa-miR-7704",-0.0130866874329225,8.98009283316284,-0.0333808315413496,0.973454850864787,0.984773893202199,-6.81706143154708,-0.0332755504620513
"hsa-miR-18a-5p",-0.0147817373897166,7.53725779971731,-0.0323207160968872,0.97429757518941,0.984773893202199,-6.81691245266708,-0.0322187856297719
"hsa-miR-539-3p",-0.00884264519919054,7.10678046430057,-0.0230258969811413,0.981687510776156,0.988699564424557,-6.80925999525147,-0.0229533169851304
"hsa-miR-1303",-0.0107110545567739,8.08445457294477,-0.0154275193726337,0.987730655288802,0.991245711001574,-6.7657204101778,-0.0153779492602743
"hsa-miR-106a-5p",0.00155242120679322,6.91816439041776,0.00412832545528634,0.996716459611526,0.996716459611526,-6.81131888822337,0.00411531920536475
