,logFC,AveExpr,t,P.Value,adj.P.Val,B,z.std,-log10(padj),expression
hsa-miR-23a-3p,3.0071409042899,12.229757222298,9.49372670277194,5.74505699058011e-14,1.60861595736243e-11,21.4881846784323,7.51376523732586,10.79354762743997,P.adj < 0.05 & log2FC > 1
hsa-miR-424-5p,4.01480180565788,9.84414560677064,8.34777529184217,9.25063216053101e-12,1.29508850247434e-09,14.5768508776435,6.81770504333587,8.887700552182803,P.adj < 0.05 & log2FC > 1
hsa-miR-27a-3p,3.2834832551588,8.66109601760133,7.74860756640635,7.401762733133849e-11,6.908311884258261e-09,14.5313074044188,6.51228192800623,8.16062806390209,P.adj < 0.05 & log2FC > 1
hsa-miR-223-3p,3.60938502789337,10.8427010078491,7.03179754160417,1.8416689675344102e-09,1.28916827727408e-07,9.83677194182803,6.01118956742325,6.889690389767152,P.adj < 0.05 & log2FC > 1
hsa-miR-142-3p,3.19590583650582,11.4118168269134,6.84308024636262,3.05907315012934e-09,1.71308096407243e-07,10.9190232238722,5.92839639978524,6.766222110812101,P.adj < 0.05 & log2FC > 1
hsa-miR-34a-5p,2.69092360390889,11.6043414272657,6.72108502034804,5.929606779301111e-09,2.76714983034052e-07,10.2703906287661,5.81873100990825,6.557967324874797,P.adj < 0.05 & log2FC > 1
hsa-miR-9-3p,-3.19861720261713,11.5837629121608,-6.29533300595072,2.82578853942018e-08,1.06380481763146e-06,8.77977572213092,-5.55190147533012,5.973138047230308,P.adj < 0.05 & log2FC < -1
hsa-miR-142-5p,3.2884454377191,9.87755981482673,6.27723161008953,3.03944233608987e-08,1.06380481763146e-06,8.71774175909993,5.53914942318581,5.973138047230308,P.adj < 0.05 & log2FC > 1
hsa-miR-660-5p,2.637088042537,7.54129006616581,6.17895436713945,5.21415016870442e-08,1.55412633993314e-06,8.10880357829889,5.44384873792376,5.808513678903497,P.adj < 0.05 & log2FC > 1
hsa-miR-342-3p,2.08858041205161,12.2803556843154,6.2098113893294,5.55045121404694e-08,1.55412633993314e-06,7.43680427143236,5.43271019529426,5.808513678903497,P.adj < 0.05 & log2FC > 1
hsa-miR-9-5p,-2.89736300389299,12.4444437371127,-5.98152834823678,9.93116236661866e-08,2.52793223877566e-06,7.57801092790475,-5.32797896222675,5.597234571497338,P.adj < 0.05 & log2FC < -1
hsa-miR-125b-5p,-1.82753028250618,14.6259891469524,-5.94322669429082,1.15656276303904e-07,2.69864644709108e-06,7.42113490877317,-5.30023096498192,5.568854009157857,P.adj < 0.05 & log2FC < -1
hsa-miR-191-5p,1.3326538270973,13.5811026289269,5.54589818343522,6.18143920132517e-07,1.33138690490081e-05,5.82530927700907,4.98546054835613,4.875695718946077,P.adj < 0.05 & log2FC > 1
hsa-miR-219a-5p,-3.36256594420827,13.8467818831692,-5.4545318829675,1.49950694460699e-06,2.99901388921398e-05,4.40640144390864,-4.81130139247903,4.523021522905021,P.adj < 0.05 & log2FC < -1
hsa-miR-100-5p,-2.61994531143717,9.6798476187275,-5.32119002975284,1.67489383936511e-06,3.1264685001482e-05,4.33433467572152,-4.78914984115571,4.504945942572864,P.adj < 0.05 & log2FC < -1
hsa-miR-146a-5p,3.02664283230246,9.00349493617169,5.23977582565105,2.18121753336982e-06,3.81713068339718e-05,4.36205414984377,4.73586592955562,4.418262971277852,P.adj < 0.05 & log2FC > 1
hsa-miR-338-3p,-2.38056052606087,12.2204514478885,-5.32129993918096,2.38946179130641e-06,3.93558412685762e-05,3.88696526678083,-4.71734170655738,4.404990799710506,P.adj < 0.05 & log2FC < -1
hsa-miR-92b-3p,-2.71927840995622,9.77082556029158,-5.08447872374169,4.69659289467747e-06,7.30581116949828e-05,3.65794151042136,-4.57790348289509,4.136331557022093,P.adj < 0.05 & log2FC < -1
hsa-let-7e-5p,-1.76309371218286,12.3945145800293,-4.72753056140744,1.34173867270036e-05,0.0001977299096611,2.87821370830624,-4.35318494302258,3.7039276320607115,P.adj < 0.05 & log2FC < -1
hsa-miR-532-5p,2.04626791283856,7.6171953053093,4.66667189869457,1.54184891527064e-05,0.0002158588481378,2.64762734479063,4.32262326001259,3.665830144743809,P.adj < 0.05 & log2FC > 1
hsa-miR-16-5p,1.48876214757984,12.4394089082262,4.41579994237999,3.81528677849256e-05,0.000508704903799,1.85158235833142,4.11838995986427,3.293534075848926,P.adj < 0.05 & log2FC > 1
hsa-miR-103a-3p,1.40599962033753,12.2849121495977,4.4124217334368,4.2731680073155e-05,0.0005438577463856,1.57063386597374,4.09219081061862,3.2645146812554366,P.adj < 0.05 & log2FC > 1
hsa-miR-127-3p,-1.91982809061068,7.99509491290774,-4.31510882844505,6.29679881348901e-05,0.0007665668120769,1.2534983220469,-4.00140307440049,3.1154499871216754,P.adj < 0.05 & log2FC < -1
hsa-miR-21-5p,2.43095347636028,12.9390923081975,4.27548183695478,7.2579179529507e-05,0.0008121355544895,1.01850126957662,3.96766854869416,3.0903714761117356,P.adj < 0.05 & log2FC > 1
hsa-miR-221-3p,1.69391244755381,11.3520054450799,4.25135913865358,7.42031049829607e-05,0.0008121355544895,1.12171587139321,3.96239029929868,3.0903714761117356,P.adj < 0.05 & log2FC > 1
hsa-let-7g-5p,1.00068693147939,13.9632702349251,4.22273187326086,7.54125872026008e-05,0.0008121355544895,1.18316535887141,3.9585296288201,3.0903714761117356,P.adj < 0.05 & log2FC > 1
hsa-miR-497-5p,-2.07635633131394,8.83049927917598,-4.23166014270695,8.53964428119277e-05,0.0008855927402718,1.11375828939681,-3.92872777354526,3.052765952283828,P.adj < 0.05 & log2FC < -1
hsa-miR-34a-3p,2.05192884555131,7.10400709344779,4.18571395334322,9.17400630725937e-05,0.0008955495901669,0.941522325276857,3.9114594442065,3.047910360524561,P.adj < 0.05 & log2FC > 1
hsa-miR-219a-2-3p,-2.39487367577516,9.29442154744231,-4.24580751908596,9.31882883351408e-05,0.0008955495901669,0.800449170521756,-3.90767565623389,3.047910360524561,P.adj < 0.05 & log2FC < -1
hsa-miR-146b-5p,1.87916066779823,9.83975998521823,4.15345939170208,9.59517418036018e-05,0.0008955495901669,0.945454405707336,3.90060716080173,3.047910360524561,P.adj < 0.05 & log2FC > 1
hsa-miR-590-5p,1.92449912183451,7.79993087803792,4.13092752258534,0.0001037274742909,0.0009113328453195,0.851029835023292,3.88170308986685,3.0403229770501543,P.adj < 0.05 & log2FC > 1
hsa-miR-195-5p,-2.07400478799065,8.73744901345251,-4.16052388363766,0.0001041523251793,0.0009113328453195,0.908667402451276,-3.8807091723051,3.0403229770501543,P.adj < 0.05 & log2FC < -1
hsa-miR-338-5p,-2.27753144906964,7.94795916385269,-4.1592904821983,0.0001108524318266,0.0009405660882258,0.573641361968307,-3.86552073158021,3.026610683640018,P.adj < 0.05 & log2FC < -1
hsa-miR-23b-3p,-1.27444413678752,12.2303430019272,-4.1393498960376,0.0001241435503524,0.0010223586499616,0.611543765679387,-3.8377959925102,2.9903967241863234,P.adj < 0.05 & log2FC < -1
hsa-miR-383-5p,-1.85275394319862,7.57013513642583,-3.99454194336808,0.0001654793760167,0.0013238350081336,0.424270279765044,-3.76660972252133,2.878166138402511,P.adj < 0.05 & log2FC < -1
hsa-miR-532-3p,1.78702956656056,7.0719458699311,3.96264960689103,0.000197899392998,0.0015392175010955,0.216832996337705,3.72168296655513,2.812700007295612,P.adj < 0.05 & log2FC > 1
hsa-miR-625-5p,-1.66925124350314,6.95180573982273,-3.9193119459694,0.0002508362900016,0.001898220572985,-0.125068627082244,-3.66140457394164,2.7216533240138774,P.adj < 0.05 & log2FC < -1
hsa-miR-193a-5p,2.20749529964727,7.74015173890477,3.87377254496388,0.0002608395246582,0.0019219754448504,-0.0778350634210421,3.65137551452708,2.7162521651763685,P.adj < 0.05 & log2FC > 1
hsa-miR-362-3p,2.12287101729376,7.55617390611155,3.7790778369796,0.0003554719009327,0.0025082473371937,-0.392180522050169,3.57110974503883,2.6006296401371594,P.adj < 0.05 & log2FC > 1
hsa-miR-181b-5p,-1.45867077900436,10.5432973374674,-3.79556505467496,0.0003613995247466,0.0025082473371937,-0.380522725051296,-3.56677645213986,2.6006296401371594,P.adj < 0.05 & log2FC < -1
hsa-miR-222-3p,1.77658621993711,10.9546805622908,3.77797755486789,0.0003672790743747,0.0025082473371937,-0.266816759883732,3.56254346548204,2.6006296401371594,P.adj < 0.05 & log2FC > 1
hsa-miR-125a-5p,-1.14591653465269,12.7703364309834,-3.7241297768356,0.0004371405351401,0.0029142702342675,-0.436776334268096,-3.51658265148589,2.5354701794673002,P.adj < 0.05 & log2FC < -1
hsa-miR-577,-2.15093730026233,7.20561962574509,-3.69876698670293,0.0005015298179321,0.0032657755586278,-0.75374546200694,-3.47993800688863,2.4860136655879708,P.adj < 0.05 & log2FC < -1
hsa-miR-27b-3p,-1.57886359218977,9.31074273038209,-3.66290622365048,0.0005342224891509,0.0033995976582333,-0.679558355081997,-3.46298282756051,2.4685724785896936,P.adj < 0.05 & log2FC < -1
hsa-miR-31-3p,1.80144758616414,7.19901211902946,3.59420722926892,0.0006210327241881,0.0038642036171704,-0.844785216706322,3.422258356515,2.4129399972970047,P.adj < 0.05 & log2FC > 1
hsa-miR-204-5p,-1.91214840939734,7.78872940381334,-3.53639230516912,0.000823174800277,0.0050106292190779,-1.13930356216435,-3.34488235168135,2.300107733371326,P.adj < 0.05 & log2FC < -1
hsa-miR-376c-3p,-1.52022192083618,8.41234104946476,-3.51061154010354,0.0008769831397087,0.0052245804067753,-1.11481595271449,-3.32727965697209,2.281948582602437,P.adj < 0.05 & log2FC < -1
hsa-miR-330-3p,-1.49348212200899,10.4989418715614,-3.47395184540621,0.0009100270094791,0.005308490888628,-1.1393380533417,-3.31695982589226,2.2750289237192516,P.adj < 0.05 & log2FC < -1
hsa-miR-93-5p,1.21680253323287,10.193667276019,3.44741730309965,0.0009890887209353,0.0055566659061868,-1.23735947391491,3.29361215774174,2.2551857143287717,P.adj < 0.05 & log2FC > 1
hsa-miR-887-3p,-1.76125336888115,7.17520079670553,-3.47030557879637,0.0009922617689619,0.0055566659061868,-1.287549840789,-3.29271166567306,2.2551857143287717,P.adj < 0.05 & log2FC < -1
hsa-miR-28-3p,1.57556186761766,8.74362949823891,3.41034448000863,0.0011104988758856,0.0059795257071408,-1.35982462579502,3.2609237778725,2.2233332626571682,P.adj < 0.05 & log2FC > 1
hsa-miR-320a-3p,1.38838230107706,10.1614607209817,3.41660831745626,0.0011299203486394,0.0059795257071408,-1.38044897376354,3.25600431357922,2.2233332626571682,P.adj < 0.05 & log2FC > 1
hsa-let-7b-5p,-0.996484836760454,14.4792423494558,-3.41907683950481,0.0011318387945659,0.0059795257071408,-1.35291256511194,-3.25552262173438,2.2233332626571682,P.adj < 0.05
hsa-miR-186-5p,1.13120548794413,9.53486898866463,3.29435697053956,0.0015877655924672,0.0081823015674215,-1.68585615105799,3.15814500427375,2.0871245181579154,P.adj < 0.05 & log2FC > 1
hsa-miR-299-5p,-1.36904571822439,7.82060639366093,-3.32247788609461,0.0016141425816241,0.0081823015674215,-1.6092032620927,-3.15333896554089,2.0871245181579154,P.adj < 0.05 & log2FC < -1
hsa-miR-488-3p,-1.6163894708372,7.50069540048036,-3.29491090004148,0.0016364603134843,0.0081823015674215,-1.7333022002335,-3.14932867367355,2.0871245181579154,P.adj < 0.05 & log2FC < -1
hsa-miR-129-2-3p,-1.84601792328406,8.89742028812306,-3.25774088220566,0.0017747885149492,0.0085690326700378,-1.71067186533393,-3.12554013211627,2.067068201387895,P.adj < 0.05 & log2FC < -1
hsa-miR-31-5p,1.82373050394596,8.16470279035694,3.2682072939003,0.0017750139102221,0.0085690326700378,-1.79297408618955,3.12550278207966,2.067068201387895,P.adj < 0.05 & log2FC > 1
hsa-miR-377-3p,-1.5941346653153,8.70429996197913,-3.26692541904761,0.0018224422196982,0.0086488783307711,-1.75226617683111,-3.11773882890437,2.063040212343673,P.adj < 0.05 & log2FC < -1
hsa-miR-151a-5p,-1.26052058137769,10.9552016477795,-3.24905992453751,0.0020295782171801,0.0094713650135073,-1.82565041774851,-3.08586958142066,2.0235874259477904,P.adj < 0.05 & log2FC < -1
hsa-miR-769-5p,-1.52669621832059,8.62028840134935,-3.20022106587047,0.0021108955916422,0.0096893568140957,-1.92806668639154,-3.07416936490808,2.013705050746964,P.adj < 0.05 & log2FC < -1
hsa-miR-30e-3p,1.25875593538941,9.17529705548358,3.16094839779673,0.0024240984827379,0.0109475415349454,-2.07778255019447,3.03265838617383,1.9606833984205252,P.adj < 0.05 & log2FC > 1
hsa-miR-504-5p,-1.57400952724597,7.58567208566561,-3.13323960358246,0.0027449957936191,0.0121999813049738,-2.15566259082012,-2.99493916935262,1.913640834829591,P.adj < 0.05 & log2FC < -1
hsa-miR-425-5p,1.56509313456069,9.44465665179902,3.09418102350369,0.0029476009377482,0.0128957541026484,-2.23213449451257,2.9731502803455,1.889553256624675,P.adj < 0.05 & log2FC > 1
hsa-let-7d-5p,0.839118640555029,12.810959323415,3.07754462529907,0.003036746861584,0.0130813710960545,-2.25739720728503,2.96399351528063,1.8833467339747767,P.adj < 0.05
hsa-miR-197-3p,1.51560689160317,8.98611317745661,3.04160884029263,0.0034115676831283,0.0144733174435749,-2.40047177620658,2.92799387268555,1.8394319123980043,P.adj < 0.05 & log2FC > 1
hsa-miR-130a-3p,-1.22219983362444,10.2970210986213,-3.06849821429926,0.0035136220474919,0.0146534850105514,-2.25474244675187,-2.91881719520764,1.8340590755925557,P.adj < 0.05 & log2FC < -1
hsa-miR-28-5p,1.08157666519424,10.3429283893232,3.02310890275988,0.0035587035025625,0.0146534850105514,-2.43762501063308,2.91484051490032,1.8340590755925557,P.adj < 0.05 & log2FC > 1
hsa-miR-663a,-2.07012499277607,8.47629356993939,-3.0330703640746,0.0036329371448984,0.0147423536314721,-2.46209722577052,-2.90839107154223,1.8314331753941138,P.adj < 0.05 & log2FC < -1
hsa-miR-124-3p,-1.48053594231598,14.816017262368,-3.13342906538693,0.0037667500900622,0.0150670003602491,-2.14242851762829,-2.89706224740096,1.821973201345669,P.adj < 0.05 & log2FC < -1
hsa-miR-99b-5p,-0.988916442514522,11.274641369571,-3.0034496381371,0.003852782838749,0.0151940731668976,-2.4615469749714,-2.88997025165025,1.8183257865862437,P.adj < 0.05
hsa-miR-153-3p,-1.47845079671224,8.5813389825558,-2.93615154798854,0.004568382926767,0.0177659336040941,-2.60931060310646,-2.83599032949571,1.7504119652952457,P.adj < 0.05 & log2FC < -1
hsa-miR-361-5p,1.05891870922293,9.72926624751712,2.92810923496975,0.0047342820319829,0.0179285559038441,-2.67271287139292,2.82457869899984,1.7464546902620948,P.adj < 0.05 & log2FC > 1
hsa-miR-378a-3p,1.66983663718993,7.70533606208762,2.93527675914733,0.0047382612031587,0.0179285559038441,-2.67970814316869,2.82430945795438,1.7464546902620948,P.adj < 0.05 & log2FC > 1
hsa-miR-136-3p,-1.47238556093605,7.95128957948001,-2.90001171658335,0.0050613778901192,0.0188958107897785,-2.73111654717628,-2.80310123761274,1.7236344684480949,P.adj < 0.05 & log2FC < -1
hsa-miR-423-5p,1.02570565416245,10.9996430615959,2.8781364737607,0.00538322297326,0.0198329267435898,-2.79485246301593,2.78316013183815,1.7026131922596175,P.adj < 0.05 & log2FC > 1
hsa-miR-193b-5p,-1.37735474163631,7.13599224504456,-2.87397909693906,0.0055191785286132,0.0200697401040481,-2.85977422942045,-2.7750584638565,1.6974582514342185,P.adj < 0.05 & log2FC < -1
hsa-miR-4284,1.36865227101856,9.1902572678351,2.86937569590175,0.0057578994907841,0.0206693827874302,-2.83228247806995,2.76125899729186,1.6846724917333968,P.adj < 0.05 & log2FC > 1
hsa-miR-30e-5p,1.2903942688062,9.4559633450602,2.81873359859473,0.0065113452607249,0.023078185734215,-2.91906205731889,2.72085430508318,1.63679833574981,P.adj < 0.05 & log2FC > 1
hsa-miR-151b,-1.09845738263432,9.37662705074563,-2.82598192165443,0.0067367563235652,0.0235786471324782,-2.91195987397633,-2.70958439786718,1.6274811169574186,P.adj < 0.05 & log2FC < -1
hsa-miR-17-5p,1.10048867948331,9.98028155131924,2.76932434880292,0.0072834715670278,0.0251774325773803,-3.08226656928323,2.68359758552409,1.5989885583554577,P.adj < 0.05 & log2FC > 1
hsa-miR-15b-5p,1.56358285985699,8.58008123844367,2.76366102561345,0.007545393337854,0.0257647577390137,-3.08586461003886,2.67176293480586,1.5889739367699227,P.adj < 0.05 & log2FC > 1
hsa-miR-33b-5p,-1.74194580673746,8.23300545332338,-2.75653508642305,0.0077230287313039,0.0260535909007843,-3.1114031354313,-2.66394457011914,1.5841324105249486,P.adj < 0.05 & log2FC < -1
hsa-let-7b-3p,-1.34424568859559,7.46439661777552,-2.74669547560676,0.0080091072051542,0.0266970240171808,-3.17120495628066,-2.65168563799564,1.5735371478095967,P.adj < 0.05 & log2FC < -1
hsa-miR-1296-5p,-1.41979578767911,8.13847531135715,-2.73843064339,0.0082001575426768,0.0270122836699942,-3.12035722051601,-2.6437153860309,1.5684386981764114,P.adj < 0.05 & log2FC < -1
hsa-miR-423-3p,1.21225912900331,8.48757047656968,2.72319336772662,0.0084110104052655,0.0273846850403996,-3.19744035274896,2.63510966295124,1.562492249659537,P.adj < 0.05 & log2FC > 1
hsa-miR-125b-2-3p,-1.1948082147198,6.62414977759895,-2.69647896548446,0.0089954621383805,0.0289509126292709,-3.31098523600272,-2.61222655303493,1.5383377413110122,P.adj < 0.05 & log2FC < -1
hsa-miR-151a-3p,-1.25526915381787,9.10133452049132,-2.69163038787898,0.0092394726631111,0.0293983221098991,-3.26363905041438,-2.60306391640275,1.531677455955416,P.adj < 0.05 & log2FC < -1
hsa-miR-335-5p,1.23179765712693,10.8344013168344,2.67494794108469,0.0094110058238273,0.0294668854725651,-3.21662618885981,2.59675122069187,1.5306657648477153,P.adj < 0.05 & log2FC > 1
hsa-miR-374a-5p,0.907505801364891,10.4929057890431,2.67690997886167,0.0094714989018959,0.0294668854725651,-3.2962919143839,2.59454944495855,1.5306657648477153,P.adj < 0.05
hsa-miR-29c-3p,0.92903682776196,13.4046111222463,2.68251611292098,0.0097013095191389,0.029850183135812,-3.18710364619859,2.58629771719666,1.5250530000579419,P.adj < 0.05
hsa-miR-301a-3p,-0.796380602232091,10.980903962107,-2.6506966751678,0.0104581694810961,0.0318292114642056,-3.30092614901498,-2.56030048329208,1.4971741204423417,P.adj < 0.05
hsa-miR-149-5p,-1.27393990409137,8.71393263462052,-2.57835182011744,0.0125297397298842,0.0377239475738449,-3.47833979885576,-2.49686287708019,1.4233828673707238,P.adj < 0.05 & log2FC < -1
hsa-miR-484,0.995139660867778,9.46507278850707,2.53963524312998,0.013456352399321,0.0400827518277647,-3.59286582124796,2.471457555731,1.397042470209965,P.adj < 0.05
hsa-miR-190a-3p,1.27040115617059,7.69410411071346,2.53306794023637,0.0136878069297621,0.0403430098982461,-3.67088140751201,2.46535367502753,1.394231703212117,P.adj < 0.05 & log2FC > 1
hsa-miR-185-5p,0.96730090768429,10.620013526942,2.51474604039163,0.0146730334823868,0.0427963476569616,-3.66800946517676,2.44035011456846,1.3685932931389402,P.adj < 0.05
hsa-miR-139-3p,-1.12947654394368,7.2664474193667,-2.4432971721468,0.0178522374873366,0.0515322319222088,-3.83478254929973,-2.36866868503807,1.2879210473214209,NS
hsa-miR-33a-5p,-1.14796124259704,9.97570488942271,-2.42179299248268,0.0185010652479985,0.0528601864228529,-3.81581889940312,-2.35543436252204,1.2768713095684108,NS
hsa-miR-505-3p,1.15648922605995,7.14436997512778,2.41203084264007,0.0188493227742857,0.0533112159272728,-3.95232348258584,2.34849755850915,1.2731814119323088,NS
hsa-miR-107,0.939996508252332,10.6912320852236,2.39151255394908,0.0197981365086195,0.0552727259265183,-3.87877910109828,2.33015166651535,1.25748911646306,NS
hsa-miR-1185-5p,-1.16923182901306,7.42157922965829,-2.39156556662552,0.0199376618520655,0.0552727259265183,-3.96856205043786,-2.32751894529613,1.25748911646306,NS
hsa-miR-210-3p,1.26215347607979,7.59369285628194,2.38470964954258,0.0202860140591217,0.0556870974171968,-3.96533817167629,2.32101537508986,1.254245418284539,NS
hsa-miR-320b,1.202997514351,9.18241487431701,2.35710072446849,0.0216112383031456,0.0587489973289395,-4.01335963260778,2.29713204365323,1.2309995411111143,NS
hsa-miR-409-3p,-1.13700964221192,7.55974504812875,-2.35469280879454,0.0218501084395598,0.058827215029584,-4.03214675478014,-2.29296346501607,1.2304217112915135,NS
hsa-miR-339-3p,-1.00567472636999,7.11028751741469,-2.33757425076427,0.0224471254235413,0.0598590011294435,-4.11709875455478,-2.28271561440091,1.222870534532083,NS
hsa-miR-656-3p,-1.11126791921815,6.89949099876948,-2.31961400192297,0.0237899444060579,0.0617403917320156,-4.14974448133156,-2.26050471060455,1.209430619322452,NS
hsa-miR-20a-5p,1.0579108745988,8.93934764190718,2.31317749071486,0.0238337680462845,0.0617403917320156,-4.15666270212204,2.25979836322526,1.209430619322452,NS
hsa-miR-664b-3p,1.10714540005361,10.2063621342306,2.3077577876326,0.0241519360465654,0.0617403917320156,-4.11037637119522,2.2547036557513,1.209430619322452,NS
hsa-miR-342-5p,1.03290430145115,8.35408947133633,2.3168619136179,0.0241994767446023,0.0617403917320156,-4.11446066358424,2.25394740787433,1.209430619322452,NS
hsa-miR-99a-5p,-0.811650180977436,11.2782517042554,-2.31107226582866,0.0242551538947204,0.0617403917320156,-4.06381999962292,-2.25306336610143,1.209430619322452,NS
hsa-miR-193b-3p,-1.21272290322109,6.71044815633769,-2.20786251448569,0.0307291360889192,0.0775149378819583,-4.42099500736198,-2.16056269026289,1.1106145966605374,NS
hsa-miR-379-5p,-1.02705528961055,7.5727381840344,-2.19188502809177,0.0324847474006893,0.0812118685017233,-4.34712601797552,-2.13839439015304,1.0903804972594602,NS
hsa-miR-3200-3p,-0.923214147849617,7.61562999129583,-2.17718910752347,0.0334075430058199,0.0827797525807927,-4.409614892411,-2.12715095093851,1.0820758759898255,NS
hsa-let-7f-5p,0.544351368620475,14.4787603213137,2.1670007834989,0.0343891537572514,0.084220178208042,-4.40440121243224,2.11547887251974,1.074583843957224,NS
hsa-miR-181d-5p,-1.09496545727543,7.6574983284069,-2.15769688351993,0.0345904303354458,0.084220178208042,-4.43461838813947,-2.11312079391911,1.074583843957224,NS
hsa-miR-25-3p,0.883360388873632,10.3914588973534,2.13618350124806,0.0363721795066264,0.0877949160504776,-4.50184590759802,2.09274213802647,1.0565306321024404,NS
hsa-miR-885-5p,-1.02879605982354,8.163004049815,-2.09723737043884,0.0405093506582955,0.096945454566861,-4.51389061051636,-2.04851717808388,1.013472548656526,NS
hsa-miR-323a-3p,-1.0590600045507,8.94804165182662,-2.09709958485218,0.0408557154936451,0.096945765578141,-4.44994411465521,-2.04499130341094,1.0134711553960924,NS
hsa-miR-935,-1.13896215736853,8.61070032548769,-2.05868365408115,0.0443271574573919,0.10375813404549,-4.55802919332785,-2.0109838987151,0.9839778470727224,NS
hsa-miR-432-5p,-1.13637652415428,7.21381943510512,-2.05529872683527,0.0444677717337814,0.10375813404549,-4.6510317848629,-2.00965447177638,0.9839778470727224,NS
hsa-miR-487b-3p,-1.06982464263771,8.49683430085168,-2.03793456495414,0.0455622718687027,0.105276910806398,-4.65438546720166,-1.99942608551685,0.9776668672656307,NS
hsa-miR-1249-3p,-1.05856956219553,7.69136364894599,-2.03494635310901,0.0458706539942163,0.105276910806398,-4.71041350741589,-1.99658159373016,0.9776668672656307,NS
hsa-miR-136-5p,-0.872284142525519,8.15112006663346,-2.01874061739203,0.0475745789502009,0.107586526871084,-4.70719862560288,-1.98114888986253,0.9682421122375502,NS
hsa-miR-127-5p,-0.820263598167099,7.05568786177466,-2.0199689724218,0.047684950159984,0.107586526871084,-4.74569366791194,-1.98016536601717,0.9682421122375502,NS
hsa-miR-7704,-0.945657065585671,8.95553518120192,-2.01444625217123,0.0480351235146163,0.107586526871084,-4.76520991577504,-1.97705756658175,0.9682421122375502,NS
hsa-miR-6724-5p,-1.42206236322432,7.50621535088764,-2.01393057024962,0.0484139370919879,0.107586526871084,-4.77632629354405,-1.97371694686075,0.9682421122375502,NS
hsa-miR-491-5p,-1.01311275133622,7.98171571970833,-1.99074929603018,0.0506459533844749,0.111660369666559,-4.75574271256512,-1.95446751165106,0.9521009386933543,NS
hsa-miR-876-5p,-0.944172818496848,7.73454285868079,-1.95421193886897,0.0551367725645003,0.120611689984845,-4.837359524063,-1.91779687197855,0.9186105972549796,NS
hsa-miR-106b-5p,0.93246213430302,8.39596807483352,1.94134189750445,0.0564823806857624,0.122597415441965,-4.91186016284686,1.90729512852618,0.9115186853732672,NS
hsa-miR-192-5p,-0.894340362627756,7.0750902730346,-1.92161368910782,0.059340507355575,0.127230699673619,-4.93431437604613,-1.88566206941045,0.8954080845194698,NS
hsa-miR-598-3p,-0.742309591303538,8.58727203386749,-1.92563962804254,0.0596979004084765,0.127230699673619,-4.81156505105402,-1.88301820834129,0.8954080845194698,NS
hsa-miR-181a-5p,-0.643856741610879,13.0195846743029,-1.91810977888641,0.0599801869889919,0.127230699673619,-4.81178597485601,-1.88093922217233,0.8954080845194698,NS
hsa-miR-98-5p,-0.597410033609513,10.8213960461834,-1.89194416191185,0.0635105734223377,0.133240800235155,-4.91133935508451,-1.85560014215457,0.8753627676300022,NS
hsa-miR-874-3p,-0.968729995241784,9.07097857692917,-1.88464905686667,0.0638755223108515,0.133240800235155,-4.92286738488906,-1.85304769817263,0.8753627676300022,NS
hsa-miR-101-5p,-0.951703187176122,7.24206848186896,-1.88199275938304,0.0642411001133783,0.133240800235155,-5.0273184916791,-1.85050290234448,0.8753627676300022,NS
hsa-miR-29c-5p,0.843268128149282,9.24088741872287,1.86869420583515,0.0660980028270481,0.136084123467452,-4.99118305426179,1.8377584763766,0.8661925396950976,NS
hsa-miR-24-3p,0.52494746637873,12.9964395287226,1.85690529502884,0.0682067167082749,0.139400588892825,-4.97965313360934,1.82363866777443,0.8557353915725566,NS
hsa-miR-148a-3p,1.20493737899571,6.85159835700502,1.85221325787659,0.0687696344128433,0.139532591562291,-5.05346395638017,1.81993020495802,0.8553243394694563,NS
hsa-miR-30c-5p,0.752917818647791,9.85899051024604,1.83001698107744,0.0722330819483012,0.145505488816722,-4.91781863684592,1.79764626404605,0.8371206237375011,NS
hsa-miR-138-5p,-0.893921490831426,10.0393231166114,-1.78044385971212,0.079599440014602,0.159198880029204,-5.07466663430626,-1.75301495540428,0.7980599918674924,NS
hsa-miR-485-3p,-0.840587828013104,7.49116787449148,-1.77925862033363,0.0807982924296281,0.160450509789332,-5.06535010421433,-1.74607285810376,0.7946588987096919,NS
hsa-miR-26b-5p,0.880465209904749,9.14049851939507,1.76470002182669,0.0825986983620888,0.16066182322401,-5.1218901397708,1.73580285938497,0.7940873088799343,NS
hsa-miR-326,-0.861890649519813,6.90150507434083,-1.76438789424829,0.0826791874518224,0.16066182322401,-5.19889237205553,-1.73534798377301,0.7940873088799343,NS
hsa-miR-19b-3p,0.64145020020092,12.913441245435,1.76112883532299,0.0828420526622292,0.16066182322401,-5.16530630491069,1.73442866497431,0.7940873088799343,NS
hsa-miR-3613-5p,0.885222028086196,6.68668838973067,1.76048430185638,0.0831998727410054,0.16066182322401,-5.24202178447827,1.73241402440785,0.7940873088799343,NS
hsa-miR-421,-0.895384683157367,7.79452351162854,-1.73740940047488,0.0875124371202267,0.167832071189476,-5.20246591217429,-1.70866814952669,0.7751250458330466,NS
hsa-miR-106a-5p,0.792501620287216,6.86896670442666,1.71997312242803,0.0901171038073263,0.171651626299669,-5.3241335303773,1.69478031127752,0.7653520775302421,NS
hsa-miR-128-3p,-0.723255049715494,12.2384002444277,-1.74461272205609,0.0922021582989836,0.17443651570078,-5.10992431732983,-1.68389398870399,0.75836259676952,NS
hsa-miR-135a-5p,-1.00164284470381,8.23138295038385,-1.70120096100993,0.0940407683865116,0.175609093694473,-5.25027802733603,-1.67445725528016,0.7554529984579792,NS
hsa-miR-103a-2-5p,0.777229715274426,6.9405408490379,1.69888289132325,0.0942903271296934,0.175609093694473,-5.34040440048162,1.67318782115744,0.7554529984579792,NS
hsa-miR-95-3p,-0.842789392017947,7.7579514175395,-1.69754294348834,0.0947654607537876,0.175609093694473,-5.26155032103892,-1.67077837849407,0.7554529984579792,NS
hsa-miR-1255b-5p,-1.43310708320347,7.57044098770385,-1.69443784558213,0.0953306508627141,0.175609093694473,-5.33374899155902,-1.66792482515525,0.7554529984579792,NS
hsa-miR-5701,0.929434076381003,8.26288016583236,1.67903139587104,0.098173468004437,0.179663863014656,-5.31540150323323,1.65377386515182,0.7455392666392192,NS
hsa-miR-4485-5p,-0.837226528771285,7.42000543629571,-1.64155242712726,0.105895863974337,0.192537934498794,-5.40687596906707,-1.61691854862549,0.7154836915038569,NS
hsa-miR-495-3p,-0.865113781345141,8.9507120503864,-1.61006431094693,0.112150177343253,0.202593868749102,-5.39520490624442,-1.58860243841712,0.6933737021579913,NS
hsa-let-7c-5p,-0.462001620723376,14.1589009172588,-1.57867874486059,0.119184418030719,0.213920750311547,-5.48349520466834,-1.55820602151649,0.6697470868229607,NS
hsa-miR-181c-5p,-0.758752969201947,9.92019479570594,-1.57050873647029,0.121583457852986,0.215643580376361,-5.40835206381155,-1.54816133522275,0.666263466099624,NS
hsa-miR-218-5p,-0.82207799760632,7.80803252662802,-1.56658691584241,0.121987122096715,0.215643580376361,-5.49813193206236,-1.54648648288802,0.666263466099624,NS
hsa-miR-655-3p,-0.759880358364514,7.05430800828956,-1.56459110735772,0.122454747428005,0.215643580376361,-5.53591744542567,-1.54455165600721,0.666263466099624,NS
hsa-miR-143-3p,-0.929979692340831,7.82082935619047,-1.55611972761709,0.124455589357197,0.217797281375095,-5.57566842808357,-1.53633765271726,0.6619475455681384,NS
hsa-miR-140-5p,0.519295560946592,10.1698677867315,1.54909223798636,0.126135119752069,0.219365425655773,-5.50392176722912,1.52952187757201,0.6588318208367352,NS
hsa-miR-382-5p,-0.684877269624831,8.31800627063148,-1.53497246137735,0.130188666079872,0.225017447545458,-5.48002497215836,-1.51335832021791,0.6477838059822464,NS
hsa-miR-505-5p,0.742803692543041,6.97531714696457,1.51638558369759,0.135291148770717,0.232401973348471,-5.52206662054676,1.49355813467059,0.6337601886280351,NS
hsa-miR-92a-3p,0.590416266977488,10.4087646389406,1.5038476863081,0.137587122116049,0.234904842637157,-5.59248229200692,1.48483656928037,0.6291080300128725,NS
hsa-let-7d-3p,0.491338154361223,9.25545297358385,1.4863384964435,0.141944671735246,0.240875806581023,-5.60729659384728,1.46858763111547,0.6182068180838658,NS
hsa-miR-340-5p,0.570054354578875,9.70469889568907,1.47283261344035,0.14596457146105,0.246205301259602,-5.58967530746534,1.45393412211756,0.6087026001333555,NS
hsa-let-7i-5p,0.511113507310725,11.5815044816972,1.46593275565691,0.147408395849625,0.247151801424521,-5.6102370070465,1.44874647698204,0.6070362197333364,NS
hsa-miR-22-3p,0.533068572678097,11.1188857720647,1.45449711307523,0.151201523686375,0.252002539477291,-5.56305283769404,1.43530036543058,0.5985950827287042,NS
hsa-miR-708-5p,0.764703821467629,9.38510484088528,1.43650810226911,0.155574762782633,0.257757003426847,-5.65161398800082,1.42011308044607,0.5887895258182063,NS
hsa-miR-5684,-1.30422565805956,8.464191356834,-1.43525254242469,0.156497998150324,0.257761408718181,-5.68769719905315,-1.41694845525401,0.5887821034112757,NS
hsa-miR-29a-5p,-0.631331591421816,7.72814609524088,-1.41608712380781,0.1614457739436,0.264355653240983,-5.75843523049998,-1.4002255938519,0.5778113977797259,NS
hsa-miR-455-3p,-0.59552277051904,7.53595504935415,-1.40609016843326,0.165100301546556,0.267698009664937,-5.65823924783144,-1.3881206761199,0.5723548577811225,NS
hsa-miR-5585-3p,-1.19995878568226,10.4105539589108,-1.40360112724955,0.165630500504916,0.267698009664937,-5.71135693720607,-1.38638130965725,0.5723548577811225,NS
hsa-miR-376a-5p,-0.643411515487861,7.58942663078938,-1.40057354030576,0.166355191720354,0.267698009664937,-5.73853575250364,-1.38401065660007,0.5723548577811225,NS
hsa-miR-619-5p,-1.086903382639,15.2579911986513,-1.39070821172865,0.169457668884741,0.271132270215586,-5.77904946517151,-1.37394850749324,0.5668187895294184,NS
hsa-miR-1248,-0.808222088300025,6.95164028054388,-1.38702846146962,0.171110502581522,0.271707818552429,-5.67050546032298,-1.36864425735756,0.5658978643229212,NS
hsa-miR-329-3p,-0.728121829384913,8.14853108923675,-1.38278959422658,0.171758156727785,0.271707818552429,-5.71313933807211,-1.36657627863002,0.5658978643229212,NS
hsa-miR-137-3p,-0.681472068995163,10.2448465637431,-1.3594214929863,0.18007078667762,0.283257417245695,-5.6054807495247,-1.34053711367075,0.5478187090843337,NS
hsa-miR-19a-3p,0.587884724366948,11.0152489187027,1.34395079968125,0.183559865948379,0.28554065952023,-5.7900032110541,1.32987376706257,0.5443320417158765,NS
hsa-miR-8485,-0.820093316536962,14.7219882314411,-1.344814558564,0.183561852548719,0.28554065952023,-5.87512336243321,-1.32986773858641,0.5443320417158765,NS
hsa-miR-99a-3p,-0.602753693188428,7.46446013722723,-1.28778688862778,0.202515514183822,0.313283668350664,-5.91307046367093,-1.27441744178199,0.5040622445375675,NS
hsa-miR-548aa,-1.10385424222511,8.9427739233952,-1.28460204028277,0.203671543953409,0.313340836851398,-5.91236618759327,-1.27116053304925,0.5039830010216494,NS
hsa-miR-6516-3p,0.738256484903138,8.88446154723539,1.27719028098127,0.20620737204993,0.315508547398799,-5.91020185928784,1.26406312112388,0.5009888708482122,NS
hsa-miR-548t-3p,-1.08088691458755,8.92593943788299,-1.2607202511891,0.212092605244323,0.321342861424552,-5.94244072531427,-1.24783195082164,0.49303134342235716,NS
hsa-miR-574-3p,0.598351022790361,10.6928060461465,1.2593991332829,0.212315819155508,0.321342861424552,-5.94952308249217,1.24722278886685,0.49303134342235716,NS
hsa-miR-1285-3p,-0.999048140932957,8.28880110253469,-1.2157384547621,0.228873819022561,0.344541232937189,-5.99928287315429,-1.20326492133294,0.4627587964979295,NS
hsa-miR-140-3p,0.387266077613919,10.7355935650731,1.20039137739923,0.234511501951531,0.351140216825822,-5.93690636537947,1.18881746983329,0.4545194270276984,NS
hsa-miR-454-3p,-0.581681592035808,8.58771184456929,-1.18003060307759,0.24260921621306,0.36133287521094,-6.02833471781901,-1.16848988687217,0.4420925231450257,NS
hsa-miR-29b-3p,0.361017635356372,14.6289424095681,1.17306150648028,0.24651727136071,0.364340533668562,-5.80168131458979,1.15885015028607,0.43849250987437527,NS
hsa-miR-4286,0.464563781951105,10.6131888811036,1.16787541704125,0.247231076417953,0.364340533668562,-5.9459735644728,1.15710105325357,0.43849250987437527,NS
hsa-miR-7-1-3p,0.582839713377249,8.9319957912409,1.15160155452253,0.253633800795816,0.371819184412715,-6.02021796176441,1.14156759331487,0.4296682060928027,NS
hsa-miR-548aj-5p,-0.74652350477549,6.6006841075497,-1.14428111074533,0.257281058867873,0.37217132155358,-6.04919755201945,-1.13284093197127,0.42925709539355483,NS
hsa-miR-3135b,-0.737358149656854,6.60147347527728,-1.13843599446893,0.259596700085977,0.37217132155358,-6.07377538418833,-1.12734486567709,0.42925709539355483,NS
hsa-miR-628-5p,-0.496852928866213,7.22597441137818,-1.13599196229972,0.260062479447588,0.37217132155358,-6.08407284232362,-1.12624346726526,0.42925709539355483,NS
hsa-miR-485-5p,-0.556283243821446,7.44048634564646,-1.13682106538731,0.260165380743395,0.37217132155358,-6.04385114230471,-1.12600032740085,0.42925709539355483,NS
hsa-miR-139-5p,-0.621059825018627,9.55609960938222,-1.13489170553211,0.260519925087506,0.37217132155358,-5.99569144325742,-1.12516310322174,0.42925709539355483,NS
hsa-miR-590-3p,0.594374513967876,7.05784240285192,1.12806997754523,0.263645124517323,0.372931024081128,-6.11127271314182,1.11781708163823,0.4283714862369993,NS
hsa-miR-3648,-0.624875092580158,7.15135684955125,-1.13028557667206,0.26371550988594,0.372931024081128,-5.98505893243532,-1.11765232949244,0.4283714862369993,NS
hsa-miR-18b-5p,0.643832599493908,7.51520740546111,1.10697722644917,0.272316565677196,0.38232133904022,-6.16859721500135,1.09774337052846,0.41757146141392026,NS
hsa-miR-18a-5p,0.639084015954078,7.48856776834868,1.10518469083896,0.273086670743015,0.38232133904022,-6.17028127776215,1.09598195660272,0.41757146141392026,NS
hsa-miR-374b-5p,0.366016888748707,10.9589625032055,1.06771244416531,0.28953479042373,0.403332046361414,-6.14550170072079,1.05914271219829,0.39433727016939746,NS
hsa-miR-148b-3p,-0.481170372873656,8.69909070505793,-1.06251880460934,0.292150587627,0.404896385683434,-6.1357313218574,-1.05341553429726,0.3926560999536077,NS
hsa-miR-1285-5p,-0.863314580266101,9.33825191640816,-1.05944607338617,0.29354987962049,0.404896385683434,-6.14903188932069,-1.05036598202243,0.3926560999536077,NS
hsa-miR-877-5p,-0.534209386728131,7.55340888608742,-1.04483051074199,0.299907812721441,0.411638174323546,-6.21560219181097,-1.03663110181384,0.38548435662753644,NS
hsa-miR-369-3p,-0.445092261892995,7.29615751968912,-1.03910889167243,0.302540727038355,0.412436427007412,-6.19473251474977,-1.03100019780809,0.384642984150729,NS
hsa-miR-1972,-0.895324818456203,11.5010551019466,-1.0384474015485,0.30343537129831,0.412436427007412,-6.13407667185363,-1.02909428532297,0.384642984150729,NS
hsa-miR-625-3p,-0.503962144562527,6.94020652021855,-0.996698423060365,0.322982737630105,0.436884862494828,-6.22272840369061,-0.988346993832842,0.3596330027815219,NS
hsa-miR-181a-3p,-0.547088845712524,7.16220461044363,-0.991456015768826,0.325421244890407,0.438067060429394,-6.24241577145946,-0.983378384067062,0.3584594014932983,NS
hsa-miR-365a-3p,0.468563150155124,9.01609647028189,0.982794249522025,0.329292858814559,0.440248303528258,-6.24459336564705,0.975539216256323,0.35630230888649084,NS
hsa-miR-365b-3p,0.468005675397011,9.0168772324128,0.980967346961398,0.330186227646193,0.440248303528258,-6.24626449541266,0.973738839020366,0.35630230888649084,NS
hsa-miR-26a-5p,0.349041095534737,10.4396721947941,0.975456058448239,0.333351985202286,0.442362823965119,-6.1021163883115,0.967384240782532,0.3542213781437149,NS
hsa-miR-15a-5p,0.532072966933162,8.39286808098611,0.971415764117943,0.335330402324866,0.442889210617747,-6.16068960449628,0.963432740734415,0.3537048995893686,NS
hsa-miR-1246,-0.70249522042209,10.88997815711,-0.96548281857653,0.337822659340317,0.444086124954407,-6.2614304451894,-0.958476255158236,0.3525327957294365,NS
hsa-miR-1273h-5p,-0.817524917803892,10.6598031584843,-0.947453542264358,0.347246685106493,0.452917265938509,-6.24324124844256,-0.939943222394278,0.34398112299359385,NS
hsa-miR-1275,-0.42042724488685,10.318456069663,-0.944581525213757,0.348313032556526,0.452917265938509,-6.24623637020795,-0.937866477437562,0.34398112299359385,NS
hsa-miR-1303,-0.7950507301744,7.98369026033314,-0.94305784417877,0.349393319438278,0.452917265938509,-6.28446886932438,-0.935766701435485,0.34398112299359385,NS
hsa-miR-1255a,-0.712800649919784,6.67009781172629,-0.929652792136233,0.356265226965456,0.459697067052202,-6.29655397395564,-0.922504993314591,0.3375282671157069,NS
hsa-miR-7851-3p,-0.630050458513618,6.78975429167981,-0.916751823048062,0.363397663770566,0.466749292916324,-6.25620954962331,-0.908909945097604,0.3309163312959089,NS
hsa-miR-539-3p,-0.419142834036471,7.06921825452668,-0.907573522892282,0.367400956750699,0.467834388366427,-6.32677077738362,-0.901352446282037,0.3299078583522665,NS
hsa-miR-663b,-0.617444002100957,7.16904381306276,-0.907672017436444,0.367584162287907,0.467834388366427,-6.32542016758996,-0.901007819222283,0.3299078583522665,NS
hsa-miR-4454,-0.404215566918351,14.0363673024463,-0.886369349414766,0.378808346910094,0.479938177080662,-6.28560561883712,-0.880094078132029,0.3188147023784549,NS
hsa-miR-145-5p,0.579452609155189,7.45023387147797,0.881494032861401,0.381245074314498,0.480849643279548,-6.35644213219003,0.875604507152664,0.31799070180105765,NS
hsa-miR-548z,-0.668209746666162,7.26921855351272,-0.863991625060727,0.390909392771693,0.49082793711244,-6.37877037753478,-0.857969341538435,0.3090707259196193,NS
hsa-miR-548h-3p,-0.659082198959763,7.23423620634109,-0.85033809945861,0.398406850500749,0.498008563125937,-6.38803207438156,-0.844469946415268,0.30276318959697085,NS
hsa-let-7a-5p,-0.214176454707943,15.723661368947,-0.845794807749508,0.401088624457724,0.498233656900852,-6.35702464752312,-0.839678584646898,0.30256693815519353,NS
hsa-miR-574-5p,-0.621714486321727,8.40885781654353,-0.843507326717678,0.402145737355688,0.498233656900852,-6.39401234238478,-0.837795195873987,0.30256693815519353,NS
hsa-miR-340-3p,0.384373893165774,7.25475284127252,0.839555747791577,0.404594867045477,0.498659166219318,-6.32446227569409,0.833443115358502,0.3021961934654035,NS
hsa-let-7i-3p,-0.385492783805121,7.02071174513572,-0.835164767317024,0.406934321451971,0.498659166219318,-6.35352616144529,-0.829300617695167,0.3021961934654035,NS
hsa-miR-124-5p,-0.400338877973603,7.19070480103399,-0.833873201670201,0.407831960943656,0.498659166219318,-6.31868705411863,-0.827714931564609,0.3021961934654035,NS
hsa-miR-1268b,-0.6737634584225,7.44713057510719,-0.824377802469703,0.413043332975877,0.502099617292024,-6.38227326484598,-0.818549773906784,0.29921010965139594,NS
hsa-miR-4449,0.392720316284826,8.36499901131491,0.822247874171063,0.41423218426592,0.502099617292024,-6.32310094191307,0.816468584459425,0.29921010965139594,NS
hsa-miR-30d-5p,-0.425318312927573,8.31299030512025,-0.817871733157374,0.416496754519014,0.502668496833293,-6.36868660878839,-0.812514003619775,0.2987183319594752,NS
hsa-miR-190a-5p,0.353797712032867,10.5634043991287,0.789814308517195,0.432460829081297,0.51969541692173,-6.32831001934154,0.784987616737269,0.2842511131066753,NS
hsa-miR-744-5p,0.360505732662951,9.73404120513737,0.767787666166233,0.44534785793733,0.532894872745523,-6.34522491232879,0.763193746108993,0.27335845830860767,NS
hsa-miR-4800-5p,-0.538127548849019,10.1331234583953,-0.756607666894944,0.452218677144899,0.538813742981156,-6.41320186544021,-0.751721302132347,0.2685613356944788,NS
hsa-miR-22-5p,0.378216941502064,8.32583233699973,0.728213991021304,0.469230560432547,0.556714224242004,-6.45990122115603,0.723731548927073,0.25436768217628025,NS
hsa-let-7a-3p,-0.293585981461348,7.71794378871471,-0.67364948006864,0.502883332971202,0.594123768911125,-6.52853703073707,-0.66995993181426,0.22612307260151346,NS
hsa-miR-331-3p,-0.192278027289053,11.1090848899216,-0.619544756591796,0.537874777935919,0.632793856395199,-6.45183218963571,-0.616029912299491,0.19873774592412208,NS
hsa-miR-1307-3p,0.337089948896391,7.23497069858013,0.615419160998883,0.540391405012827,0.633094533069421,-6.55947121587324,0.612221218188017,0.19853143670445614,NS
hsa-miR-328-3p,-0.287485799031257,10.1636101498354,-0.591133434346199,0.556447391994801,0.649188623993935,-6.46870069142921,-0.588126492676217,0.18762909910450482,NS
hsa-miR-5100,0.301194723969791,7.56699638828659,0.560089706323938,0.577493574486698,0.670946891519815,-6.54845447903701,0.557049551255434,0.17331185484248476,NS
hsa-miR-32-5p,0.254264239798792,8.99818070881359,0.506542989071098,0.614266787196379,0.710721902541265,-6.571192485104,0.503992301034936,0.14830030056117452,NS
hsa-miR-30a-3p,0.257753161903195,7.91944675230231,0.499154605528939,0.619327972722816,0.713628939762916,-6.63950972958486,0.496803009563217,0.14652754634984802,NS
hsa-miR-1260b,0.247876406510041,9.03488718222656,0.482808491141963,0.631056321789696,0.720125780843461,-6.48929863341558,0.480240598411039,0.14259164085297463,NS
hsa-miR-1268a,-0.381386093636182,7.82554161180252,-0.481712621422688,0.631748839926972,0.720125780843461,-6.60231577158102,-0.479266796781652,0.14259164085297463,NS
hsa-miR-30b-5p,-0.221746058866476,9.75790691306573,-0.479530014837016,0.633268730771129,0.720125780843461,-6.51056795590358,-0.477131155113326,0.14259164085297463,NS
hsa-miR-664a-3p,0.166843593898131,10.5750362718128,0.476659030288621,0.635253813815482,0.720125780843461,-6.55910792881492,0.474345130409885,0.14259164085297463,NS
hsa-miR-1277-3p,0.227140656179611,7.05147003516547,0.46035105507482,0.647010955691944,0.730496240297356,-6.5489806626987,0.45791855499617,0.13638201494161287,NS
hsa-miR-10396a-3p,-0.329335619118343,6.57893491091192,-0.444047887211585,0.658458484353468,0.740435243449683,-6.68231756992692,-0.442042455134792,0.13051291775348756,NS
hsa-miR-30a-5p,0.216248244970547,7.77694211748077,0.437457532956945,0.6633589440089,0.742962017289968,-6.58965105193515,0.43528035296937,0.12903338826233818,NS
hsa-miR-425-3p,-0.188755941578714,6.78177891113298,-0.433520330435451,0.666048536398683,0.74300235136108,-6.67802165669525,-0.431577469688121,0.12900981183629398,NS
hsa-miR-126-5p,0.188158064461801,9.99767693781155,0.414583524516787,0.679789409396396,0.755321565995996,-6.6194633882291,0.4127505163818,0.12186811511833988,NS
hsa-miR-10401-5p,-0.297890972226248,6.80051378609986,-0.397197581516221,0.692501603681644,0.766404936880871,-6.7045256676645,-0.395462483580697,0.11554170636529688,NS
hsa-miR-10396b-3p,-0.296507998934676,6.60932128431186,-0.38969489426293,0.69801513996326,0.769465508620917,-6.70409979563386,-0.38800120757134,0.11381084269583058,NS
hsa-miR-29a-3p,0.114428338674831,13.3830233883236,0.381698533624303,0.704323204686972,0.773374499264126,-6.48352592166323,0.379491109960512,0.11161015216398715,NS
hsa-miR-101-3p,-0.113255011744885,13.0595000360004,-0.363970105897282,0.717256124934144,0.78449888664672,-6.4855770982687,-0.362128342181496,0.10540766842316183,NS
hsa-miR-6803-5p,-0.215921645796038,6.78414117931485,-0.337580497045147,0.736947774985137,0.802900299594702,-6.61303441115235,-0.335898013669884,0.09533838003154037,NS
hsa-miR-1307-5p,-0.164094873110423,6.93263858453487,-0.313862612714305,0.754718332344347,0.8190741591334,-6.68472454641964,-0.312423974802846,0.08667677535268929,NS
hsa-miR-194-5p,-0.1548452176069,7.39089655646889,-0.305477317240128,0.76101257743358,0.82174623433536,-6.70850965053852,-0.304151362679152,0.08526227740285884,NS
hsa-miR-132-3p,0.128021872613175,9.52931074129448,0.303031363152535,0.763050074739977,0.82174623433536,-6.52901286046832,0.301477932864817,0.08526227740285884,NS
hsa-miR-130b-3p,0.136550584768848,7.71630470196691,0.295206550787238,0.768881325500765,0.822969258931847,-6.62348261312319,0.293838485319758,0.08461638705457476,NS
hsa-miR-12136,0.148287316691823,9.00462761483023,0.293539288850832,0.770064092286229,0.822969258931847,-6.66549209166585,0.292291061723621,0.08461638705457476,NS
hsa-miR-10395-3p,-0.104042786062205,9.98723247956496,-0.249115532544724,0.804103644502833,0.856079925706438,-6.64162107513866,-0.248039759077678,0.06748568663960802,NS
hsa-miR-543,0.104490629836223,7.29065198824378,0.216903810083041,0.829077691820459,0.879324824658063,-6.6233072511247,0.21588461238928,0.055850665884520506,NS
hsa-miR-4484,0.129817258485313,6.99842539980474,0.207621854187956,0.836211887550503,0.883544635902418,-6.70069549373019,0.206741317718165,0.05377150542552852,NS
hsa-miR-548c-5p,-0.130918091751156,6.62359881762692,-0.19609227876099,0.845202257855312,0.889686587216117,-6.71344066307079,-0.195243587314149,0.05076295674199269,NS
hsa-miR-7-5p,-0.0857370410473024,11.2810668331098,-0.191788290920471,0.84874257503599,0.890067119887929,-6.36098997967592,-0.190723054908771,0.05057724200920632,NS
hsa-miR-548o-5p,-0.0919557215110087,6.60888891377328,-0.138685987603968,0.890161513123994,0.930019491323576,-6.72329681184707,-0.138099838864727,0.03150794941857126,NS
hsa-miR-203a-3p,-0.0711929506570366,8.04843739801281,-0.12404174612407,0.901658706119359,0.93852950822833,-6.69230427544202,-0.123566262777329,0.02755206821123308,NS
hsa-miR-33a-3p,-0.0549558467044413,6.97868534576786,-0.109448041316636,0.913224827153932,0.947047968900374,-6.70936894149336,-0.108971838193762,0.02362802300186909,NS
hsa-miR-29b-2-5p,0.0458331567567276,8.21151967235825,0.102871428188544,0.918376515982574,0.948876105074246,-6.70243068707936,0.102478955491179,0.022790489780531473,NS
hsa-miR-361-3p,0.0386377781182041,7.35783239723723,0.0888616622046598,0.929502046073126,0.956840341545865,-6.66741858765188,0.0884713604980133,0.01916052258912918,NS
hsa-miR-3651,0.0269088304696785,7.19431158587738,0.0493019181560585,0.960827382559947,0.982490256853376,-6.75312313340802,0.049115335042482,0.007671747737060918,NS
hsa-miR-301b-3p,0.0214300933869191,7.26767432237628,0.048569132038055,0.961436894206518,0.982490256853376,-6.66278088270213,0.048350517817904,0.007671747737060918,NS
hsa-miR-150-5p,-0.0257717150035841,8.4736598478236,-0.0429421808568916,0.96587709761718,0.983438499392038,-6.7365590112544,-0.0427797609781269,0.00725279406676645,NS
hsa-miR-451a,-0.0101989842419936,10.2951445761349,-0.0220671957724501,0.982481089000767,0.993330185460292,-6.45996544968204,-0.0219584633318481,0.0029063669246734316,NS
hsa-miR-324-5p,0.0088796398612416,9.27810262231699,0.0218128756165516,0.982687362044646,0.993330185460292,-6.52849329260445,0.0216998768065494,0.0029063669246734316,NS
hsa-miR-10401-3p,0.0114893855200302,6.78269542832881,0.0167661873227005,0.98667742145468,0.993775820170181,-6.74226893929086,0.0166981519900578,0.0027115743991156177,NS
hsa-miR-4485-3p,-0.0073816525329997,7.97002133781659,-0.0121847260668028,0.990314942465537,0.993864458388353,-6.74899634990431,-0.0121387176256371,0.0026728399364679798,NS
hsa-miR-126-3p,-0.0002192824370208,9.64643391648477,-0.0004553215831615,0.999638077514335,0.999638077514335,-6.66484815035007,-0.0004536025834518,0.00015720938892378712,NS
