,HU10_IBA1,HU11_IBA1,HU12_IBA1,HU13_IBA1,HU14_IBA1,HU15_IBA1,HU16_IBA1,HU17_IBA1,HU19_IBA1,HU20_IBA1,HU22_IBA1,HU23_IBA1,HU25_IBA1,HU26_IBA1,HU27_IBA1,HU8_IBA1,HU10_NEUN,HU11_NEUN,HU12_NEUN,HU13_NEUN,HU14_NEUN,HU15_NEUN,HU16_NEUN,HU17_NEUN,HU19_NEUN,HU20_NEUN,HU22_NEUN,HU23_NEUN,HU25_NEUN,HU26_NEUN,HU27_NEUN,HU8_NEUN,HU29_IBA1,HU31_IBA1,HU34_GFAP,HU39_IBA1,HU39_NEUN,HU43_GFAP,HU44_GFAP,HU44_IBA1,HU46_IBA1,HU47_GFAP,HU47_NEUN,HU50_GFAP,HU51_GFAP,HU52_GFAP,HU54_GFAP,HU54_IBA1,HU54_NEUN,HU56_GFAP,HU57_OLIG2,HU58_GFAP,HU60_GFAP,HU61_OLIG2,HU62_GFAP,HU64_GFAP,HU64_NEUN,HU64_OLIG2,HU66_OLIG2,HU67_GFAP,HU67_NEUN,HU67_OLIG2,HU68_OLIG2,HU69_GFAP,HU70_GFAP,HU71_GFAP,HU71_IBA1,HU71_NEUN,HU71_OLIG2,HU73_NEUN,HU73_OLIG2,HU74_OLIG2,HU75_GFAP,HU75_IBA1,HU75_NEUN,HU75_OLIG2,HU76_OLIG2,HU77_OLIG2,HU78_OLIG2,HU79_OLIG2
MT-Arg-3'-half,551.0,204.0,1.0,252.0,270.0,778.0,791.0,1231.0,106.0,164.0,738.0,70.0,194.0,402.0,347.0,0.0,301.0,98.0,1.0,122.0,140.0,51.0,351.0,1587.0,186.0,164.0,89.0,128.0,58.0,622.0,27.0,1.0,23.0,16.0,7.0,135.0,195.0,56.0,2.0,31.0,14.0,21.0,11.0,16.0,21.0,420.0,74.0,188.0,108.0,46.0,13.0,3.0,18.0,50.0,1.0,13.0,48.0,162.0,482.0,23.0,3.0,355.0,40.0,98.0,45.0,5.0,519.0,12.0,2.0,72.0,85.0,47.0,0.0,2.0,0.0,0.0,240.0,341.0,348.0,19.0
MT-Arg-3'-tRF,4372.0,1478.0,6.0,2629.0,1870.0,6031.0,9237.0,10798.0,791.0,1674.0,6192.0,605.0,1720.0,2928.0,3865.0,2.0,1583.0,671.0,2.0,1095.0,789.0,561.0,1989.0,12191.0,1318.0,1497.0,777.0,865.0,295.0,2878.0,255.0,25.0,256.0,223.0,48.0,1691.0,1601.0,235.0,64.0,611.0,138.0,317.0,110.0,294.0,303.0,3219.0,593.0,1556.0,1783.0,993.0,307.0,42.0,216.0,923.0,65.0,196.0,484.0,946.0,2096.0,463.0,98.0,2223.0,1164.0,1367.0,1004.0,286.0,3247.0,209.0,41.0,530.0,791.0,385.0,2.0,1.0,2.0,2.0,2378.0,2875.0,1477.0,702.0
MT-Arg-5'-tRF,0.0,0.0,0.0,0.0,0.0,0.0,0.0,0.0,0.0,0.0,1.0,0.0,0.0,0.0,0.0,0.0,0.0,0.0,3.0,0.0,0.0,0.0,0.0,0.0,0.0,1.0,0.0,0.0,0.0,0.0,0.0,0.0,0.0,0.0,0.0,0.0,0.0,0.0,0.0,0.0,0.0,0.0,0.0,0.0,0.0,0.0,0.0,0.0,0.0,0.0,0.0,0.0,0.0,0.0,0.0,0.0,0.0,1.0,0.0,0.0,0.0,0.0,0.0,0.0,0.0,0.0,0.0,0.0,0.0,0.0,0.0,0.0,0.0,0.0,0.0,0.0,0.0,0.0,0.0,0.0
MT-Asp-3'-half,523.0,98.0,167.0,352.0,249.0,766.0,758.0,1256.0,76.0,128.0,524.0,50.0,184.0,392.0,0.0,178.0,202.0,51.0,146.0,167.0,64.0,64.0,271.0,1639.0,215.0,157.0,86.0,87.0,42.0,321.0,0.0,145.0,6.0,8.0,0.0,63.0,42.0,0.0,3.0,9.0,8.0,17.0,16.0,6.0,12.0,75.0,13.0,45.0,60.0,27.0,2.0,0.0,9.0,28.0,3.0,8.0,9.0,26.0,56.0,4.0,2.0,45.0,10.0,42.0,24.0,0.0,0.0,0.0,0.0,13.0,21.0,10.0,8.0,26.0,19.0,96.0,97.0,68.0,31.0,20.0
MT-Asp-3'-tRF,3009.0,770.0,983.0,2575.0,1464.0,5078.0,6155.0,10252.0,509.0,717.0,2495.0,233.0,1164.0,2130.0,4.0,1504.0,1124.0,353.0,846.0,969.0,485.0,392.0,1248.0,10144.0,1006.0,859.0,366.0,335.0,174.0,1874.0,2.0,904.0,116.0,82.0,29.0,811.0,624.0,3.0,50.0,377.0,86.0,169.0,110.0,142.0,173.0,1481.0,287.0,963.0,1139.0,381.0,97.0,18.0,108.0,476.0,52.0,91.0,215.0,408.0,626.0,156.0,60.0,655.0,314.0,702.0,424.0,0.0,1.0,0.0,1.0,214.0,272.0,110.0,85.0,300.0,295.0,1037.0,1362.0,859.0,424.0,256.0
MT-Asp-5'-half,0.0,0.0,0.0,0.0,0.0,3.0,0.0,0.0,0.0,0.0,5.0,0.0,1.0,0.0,0.0,0.0,2.0,5.0,0.0,0.0,0.0,1.0,0.0,5.0,0.0,0.0,0.0,0.0,0.0,0.0,0.0,0.0,0.0,0.0,0.0,0.0,0.0,0.0,0.0,0.0,0.0,0.0,0.0,0.0,0.0,0.0,0.0,0.0,0.0,0.0,0.0,0.0,0.0,0.0,0.0,0.0,0.0,0.0,0.0,0.0,0.0,0.0,0.0,0.0,0.0,0.0,0.0,0.0,0.0,0.0,0.0,0.0,0.0,0.0,0.0,2.0,0.0,0.0,1.0,0.0
MT-Asp-5'-tRF,3.0,0.0,1.0,6.0,1.0,1.0,6.0,22.0,1.0,1.0,3.0,0.0,1.0,4.0,3.0,9.0,1.0,4.0,3.0,5.0,3.0,0.0,1.0,76.0,2.0,8.0,1.0,3.0,0.0,0.0,0.0,5.0,0.0,0.0,0.0,1.0,0.0,0.0,0.0,1.0,0.0,1.0,0.0,0.0,0.0,0.0,0.0,0.0,0.0,0.0,0.0,0.0,1.0,0.0,0.0,0.0,1.0,1.0,0.0,0.0,0.0,0.0,1.0,1.0,0.0,0.0,4.0,0.0,0.0,3.0,0.0,0.0,0.0,1.0,0.0,0.0,0.0,0.0,1.0,0.0
MT-Cys-3'-half,62.0,20.0,0.0,28.0,16.0,44.0,188.0,36.0,0.0,24.0,85.0,10.0,40.0,54.0,10.0,49.0,17.0,8.0,0.0,7.0,6.0,12.0,21.0,61.0,0.0,10.0,4.0,21.0,2.0,20.0,3.0,36.0,4.0,4.0,0.0,16.0,9.0,4.0,0.0,1.0,0.0,0.0,1.0,0.0,2.0,13.0,6.0,18.0,14.0,2.0,2.0,0.0,1.0,7.0,0.0,0.0,5.0,7.0,28.0,2.0,0.0,11.0,2.0,2.0,1.0,0.0,37.0,0.0,0.0,4.0,3.0,7.0,0.0,3.0,5.0,11.0,13.0,33.0,7.0,0.0
MT-Cys-3'-tRF,678.0,471.0,1.0,762.0,663.0,2485.0,3821.0,2721.0,1.0,528.0,1680.0,166.0,638.0,1522.0,767.0,913.0,686.0,213.0,1.0,312.0,146.0,177.0,463.0,3546.0,1.0,341.0,160.0,379.0,81.0,549.0,30.0,837.0,89.0,57.0,32.0,548.0,381.0,81.0,24.0,118.0,89.0,155.0,25.0,118.0,174.0,625.0,249.0,517.0,420.0,175.0,105.0,10.0,121.0,263.0,8.0,83.0,218.0,249.0,735.0,128.0,26.0,495.0,215.0,428.0,224.0,70.0,998.0,75.0,6.0,245.0,264.0,103.0,71.0,189.0,132.0,594.0,716.0,1427.0,370.0,202.0
MT-Cys-5'-half,1.0,12.0,1.0,0.0,2.0,0.0,33.0,28.0,10.0,9.0,15.0,7.0,8.0,7.0,8.0,11.0,4.0,12.0,10.0,5.0,9.0,2.0,10.0,62.0,6.0,19.0,3.0,18.0,1.0,9.0,0.0,12.0,0.0,1.0,0.0,4.0,13.0,3.0,0.0,4.0,2.0,1.0,0.0,0.0,3.0,7.0,10.0,8.0,8.0,8.0,0.0,0.0,2.0,2.0,3.0,0.0,2.0,15.0,7.0,9.0,2.0,18.0,4.0,15.0,5.0,1.0,2.0,1.0,0.0,3.0,7.0,1.0,0.0,3.0,0.0,10.0,3.0,19.0,20.0,1.0
MT-Cys-5'-tRF,37.0,61.0,21.0,32.0,33.0,28.0,152.0,107.0,182.0,47.0,140.0,22.0,28.0,109.0,25.0,70.0,30.0,17.0,5.0,34.0,20.0,3.0,26.0,167.0,138.0,81.0,14.0,71.0,6.0,70.0,0.0,72.0,6.0,0.0,7.0,23.0,51.0,2.0,0.0,9.0,1.0,3.0,2.0,2.0,8.0,24.0,20.0,20.0,34.0,31.0,8.0,1.0,6.0,3.0,0.0,10.0,8.0,17.0,13.0,10.0,6.0,84.0,20.0,14.0,7.0,10.0,22.0,6.0,2.0,29.0,17.0,1.0,11.0,6.0,6.0,39.0,24.0,32.0,45.0,4.0
MT-Gly-5'-half,0.0,0.0,2.0,0.0,0.0,0.0,6.0,5.0,0.0,1.0,2.0,0.0,0.0,0.0,0.0,12.0,0.0,0.0,2.0,0.0,5.0,0.0,0.0,0.0,1.0,2.0,9.0,1.0,0.0,0.0,0.0,2.0,0.0,0.0,0.0,1.0,0.0,0.0,0.0,0.0,0.0,0.0,0.0,0.0,0.0,0.0,4.0,0.0,0.0,0.0,0.0,0.0,0.0,0.0,0.0,0.0,0.0,0.0,0.0,0.0,0.0,0.0,0.0,0.0,1.0,0.0,0.0,0.0,0.0,0.0,0.0,0.0,0.0,0.0,1.0,0.0,1.0,0.0,5.0,0.0
MT-Gly-5'-tRF,2.0,5.0,2.0,3.0,0.0,0.0,13.0,48.0,5.0,3.0,5.0,1.0,2.0,7.0,1.0,12.0,5.0,4.0,1.0,3.0,3.0,3.0,4.0,73.0,6.0,8.0,0.0,5.0,1.0,0.0,0.0,10.0,0.0,0.0,1.0,1.0,7.0,0.0,0.0,0.0,0.0,0.0,1.0,0.0,0.0,1.0,0.0,2.0,0.0,1.0,0.0,0.0,1.0,1.0,0.0,0.0,0.0,1.0,2.0,0.0,0.0,6.0,0.0,2.0,3.0,0.0,1.0,0.0,0.0,1.0,0.0,0.0,0.0,0.0,0.0,5.0,4.0,1.0,10.0,0.0
MT-His-3'-half,434.0,215.0,338.0,387.0,383.0,507.0,1922.0,939.0,95.0,229.0,971.0,80.0,304.0,448.0,394.0,430.0,218.0,91.0,220.0,169.0,93.0,109.0,181.0,1458.0,265.0,189.0,77.0,182.0,42.0,168.0,39.0,251.0,11.0,11.0,2.0,142.0,63.0,18.0,1.0,31.0,10.0,26.0,8.0,13.0,12.0,132.0,0.0,0.0,0.0,21.0,6.0,1.0,18.0,41.0,7.0,18.0,27.0,25.0,128.0,27.0,6.0,54.0,10.0,35.0,44.0,9.0,215.0,10.0,2.0,22.0,33.0,15.0,6.0,16.0,19.0,92.0,74.0,160.0,36.0,11.0
MT-His-3'-tRF,3296.0,1406.0,1447.0,2308.0,2314.0,5001.0,9075.0,8211.0,611.0,1343.0,5184.0,468.0,1849.0,3070.0,3160.0,1177.0,1503.0,544.0,1068.0,966.0,703.0,682.0,1600.0,10404.0,1234.0,1758.0,509.0,835.0,255.0,1223.0,206.0,729.0,180.0,114.0,58.0,1554.0,1147.0,186.0,50.0,309.0,189.0,292.0,168.0,268.0,260.0,2471.0,311.0,1003.0,900.0,433.0,156.0,36.0,234.0,522.0,30.0,183.0,541.0,575.0,1759.0,255.0,51.0,1094.0,367.0,1177.0,753.0,224.0,2640.0,214.0,15.0,412.0,451.0,164.0,123.0,359.0,276.0,1082.0,1581.0,1808.0,958.0,320.0
MT-His-5'-half,0.0,0.0,7.0,0.0,1.0,0.0,4.0,11.0,0.0,1.0,13.0,0.0,0.0,1.0,2.0,4.0,3.0,0.0,1.0,2.0,1.0,0.0,1.0,20.0,0.0,3.0,0.0,4.0,0.0,0.0,0.0,0.0,0.0,0.0,0.0,0.0,0.0,0.0,0.0,0.0,0.0,0.0,0.0,0.0,0.0,1.0,0.0,0.0,0.0,0.0,0.0,0.0,0.0,0.0,0.0,0.0,0.0,0.0,2.0,0.0,0.0,2.0,0.0,0.0,0.0,0.0,0.0,0.0,0.0,0.0,0.0,0.0,0.0,0.0,0.0,0.0,0.0,0.0,0.0,0.0
MT-His-5'-tRF,6.0,2.0,6.0,8.0,1.0,12.0,17.0,76.0,3.0,8.0,21.0,6.0,7.0,17.0,13.0,27.0,4.0,3.0,8.0,7.0,1.0,1.0,4.0,171.0,14.0,13.0,2.0,8.0,1.0,10.0,0.0,21.0,0.0,0.0,0.0,0.0,3.0,0.0,0.0,2.0,5.0,4.0,1.0,1.0,1.0,0.0,0.0,2.0,5.0,10.0,0.0,0.0,1.0,1.0,0.0,0.0,1.0,3.0,1.0,1.0,0.0,5.0,0.0,2.0,4.0,0.0,1.0,1.0,0.0,0.0,3.0,4.0,1.0,1.0,0.0,1.0,2.0,5.0,1.0,0.0
MT-Ile-3'-half,218.0,80.0,113.0,150.0,97.0,268.0,311.0,415.0,49.0,102.0,360.0,24.0,68.0,145.0,204.0,118.0,113.0,45.0,112.0,60.0,108.0,24.0,149.0,691.0,124.0,217.0,82.0,103.0,21.0,60.0,22.0,50.0,4.0,1.0,0.0,30.0,29.0,1.0,0.0,9.0,7.0,4.0,7.0,7.0,5.0,22.0,10.0,10.0,53.0,17.0,2.0,1.0,7.0,26.0,1.0,7.0,34.0,11.0,39.0,7.0,2.0,30.0,7.0,32.0,10.0,4.0,21.0,5.0,0.0,5.0,12.0,9.0,2.0,12.0,11.0,38.0,66.0,71.0,13.0,4.0
MT-Ile-3'-tRF,1389.0,623.0,570.0,1267.0,732.0,2352.0,2811.0,4169.0,275.0,775.0,1993.0,244.0,596.0,1288.0,1466.0,912.0,889.0,406.0,671.0,522.0,410.0,270.0,1075.0,6421.0,912.0,1319.0,342.0,808.0,111.0,809.0,115.0,547.0,59.0,37.0,29.0,471.0,747.0,93.0,38.0,377.0,87.0,109.0,91.0,128.0,102.0,938.0,329.0,462.0,661.0,336.0,47.0,17.0,66.0,260.0,33.0,92.0,220.0,300.0,558.0,111.0,42.0,531.0,197.0,520.0,384.0,106.0,934.0,78.0,11.0,253.0,201.0,67.0,41.0,180.0,219.0,451.0,578.0,597.0,364.0,130.0
MT-Ile-5'-tRF,0.0,0.0,0.0,0.0,0.0,0.0,0.0,3.0,0.0,0.0,0.0,0.0,0.0,0.0,0.0,0.0,0.0,2.0,0.0,0.0,0.0,0.0,0.0,0.0,0.0,0.0,0.0,0.0,0.0,0.0,0.0,0.0,0.0,0.0,0.0,0.0,0.0,0.0,0.0,0.0,0.0,0.0,0.0,0.0,0.0,0.0,0.0,0.0,0.0,0.0,0.0,0.0,0.0,0.0,0.0,0.0,0.0,0.0,0.0,0.0,0.0,1.0,0.0,0.0,0.0,0.0,0.0,0.0,0.0,0.0,0.0,0.0,0.0,0.0,0.0,0.0,0.0,0.0,0.0,0.0
MT-Leu-3'-half,0.0,1.0,0.0,5.0,3.0,11.0,12.0,7.0,4.0,0.0,6.0,4.0,1.0,2.0,1.0,2.0,0.0,5.0,6.0,0.0,1.0,2.0,4.0,20.0,2.0,5.0,2.0,2.0,1.0,4.0,0.0,5.0,0.0,0.0,0.0,0.0,0.0,0.0,0.0,0.0,0.0,1.0,0.0,0.0,0.0,0.0,0.0,0.0,0.0,0.0,1.0,0.0,0.0,0.0,0.0,0.0,1.0,1.0,4.0,0.0,0.0,2.0,0.0,1.0,0.0,0.0,1.0,0.0,0.0,1.0,3.0,1.0,0.0,0.0,0.0,0.0,1.0,0.0,1.0,1.0
MT-Leu-3'-tRF,112.0,82.0,49.0,101.0,68.0,249.0,319.0,358.0,22.0,98.0,172.0,21.0,55.0,128.0,92.0,98.0,100.0,66.0,72.0,46.0,38.0,30.0,120.0,848.0,103.0,129.0,40.0,49.0,6.0,164.0,5.0,84.0,5.0,4.0,2.0,22.0,42.0,9.0,0.0,16.0,3.0,3.0,9.0,13.0,8.0,85.0,5.0,47.0,51.0,13.0,12.0,0.0,8.0,10.0,1.0,4.0,11.0,28.0,56.0,11.0,0.0,63.0,17.0,25.0,18.0,7.0,71.0,6.0,1.0,17.0,12.0,5.0,1.0,11.0,17.0,40.0,58.0,65.0,54.0,9.0
MT-Leu-5'-half,3.0,15.0,10.0,0.0,0.0,10.0,19.0,12.0,15.0,27.0,44.0,10.0,6.0,9.0,0.0,34.0,5.0,17.0,7.0,11.0,5.0,2.0,5.0,55.0,12.0,44.0,13.0,25.0,1.0,0.0,2.0,9.0,0.0,1.0,1.0,2.0,8.0,0.0,0.0,1.0,0.0,0.0,2.0,0.0,1.0,1.0,0.0,0.0,1.0,1.0,0.0,0.0,0.0,0.0,0.0,0.0,1.0,1.0,7.0,3.0,4.0,16.0,0.0,4.0,0.0,0.0,3.0,1.0,0.0,8.0,1.0,0.0,0.0,1.0,0.0,2.0,1.0,1.0,15.0,1.0
MT-Leu-5'-tRF,228.0,755.0,212.0,420.0,166.0,52.0,977.0,321.0,249.0,616.0,1030.0,240.0,282.0,486.0,113.0,2086.0,226.0,387.0,630.0,252.0,112.0,50.0,29.0,359.0,501.0,1106.0,650.0,859.0,129.0,182.0,10.0,819.0,10.0,21.0,14.0,194.0,290.0,62.0,12.0,430.0,57.0,33.0,141.0,44.0,37.0,273.0,229.0,162.0,182.0,280.0,59.0,3.0,54.0,193.0,89.0,93.0,75.0,300.0,357.0,35.0,24.0,604.0,105.0,399.0,337.0,151.0,291.0,28.0,4.0,236.0,125.0,22.0,48.0,102.0,136.0,488.0,731.0,657.0,882.0,101.0
MT-Met-3'-half,115.0,69.0,32.0,31.0,35.0,51.0,200.0,149.0,29.0,57.0,141.0,19.0,39.0,67.0,91.0,102.0,26.0,14.0,28.0,30.0,15.0,6.0,24.0,142.0,55.0,104.0,31.0,48.0,13.0,65.0,0.0,75.0,3.0,0.0,0.0,13.0,14.0,6.0,2.0,24.0,5.0,2.0,1.0,3.0,5.0,16.0,1.0,11.0,21.0,17.0,2.0,0.0,3.0,23.0,0.0,0.0,4.0,12.0,43.0,1.0,0.0,29.0,2.0,12.0,9.0,2.0,26.0,3.0,0.0,9.0,10.0,6.0,0.0,6.0,6.0,39.0,43.0,53.0,46.0,10.0
MT-Met-3'-tRF,1782.0,763.0,691.0,1395.0,915.0,2678.0,4167.0,4955.0,462.0,892.0,2265.0,245.0,952.0,1837.0,1600.0,1071.0,1066.0,350.0,755.0,639.0,407.0,321.0,908.0,5925.0,875.0,1273.0,323.0,560.0,173.0,1229.0,155.0,717.0,123.0,149.0,34.0,986.0,882.0,104.0,90.0,547.0,119.0,159.0,115.0,193.0,214.0,1537.0,321.0,849.0,1055.0,541.0,278.0,24.0,220.0,931.0,57.0,131.0,390.0,472.0,1186.0,293.0,72.0,911.0,804.0,838.0,582.0,207.0,1323.0,166.0,32.0,367.0,474.0,165.0,129.0,328.0,318.0,1277.0,1415.0,1892.0,866.0,471.0
MT-Met-5'-tRF,2.0,1.0,1.0,2.0,0.0,1.0,4.0,10.0,1.0,3.0,3.0,0.0,2.0,0.0,0.0,3.0,4.0,1.0,1.0,0.0,0.0,0.0,0.0,36.0,0.0,3.0,1.0,0.0,0.0,4.0,0.0,3.0,0.0,0.0,0.0,0.0,1.0,0.0,0.0,0.0,0.0,0.0,0.0,0.0,0.0,0.0,0.0,0.0,0.0,0.0,0.0,0.0,0.0,0.0,0.0,0.0,0.0,0.0,0.0,0.0,0.0,0.0,0.0,0.0,0.0,0.0,1.0,0.0,0.0,0.0,0.0,0.0,0.0,0.0,0.0,0.0,0.0,0.0,0.0,0.0
MT-Phe-3'-half,67.0,55.0,24.0,53.0,43.0,65.0,264.0,113.0,31.0,61.0,254.0,13.0,70.0,253.0,146.0,50.0,56.0,30.0,67.0,22.0,44.0,37.0,65.0,291.0,54.0,117.0,77.0,71.0,51.0,85.0,11.0,27.0,0.0,3.0,3.0,14.0,23.0,6.0,0.0,7.0,8.0,4.0,0.0,4.0,8.0,27.0,10.0,15.0,42.0,21.0,5.0,1.0,1.0,3.0,3.0,3.0,18.0,23.0,33.0,0.0,1.0,30.0,8.0,19.0,10.0,3.0,13.0,4.0,0.0,8.0,14.0,5.0,0.0,0.0,1.0,25.0,35.0,34.0,28.0,6.0
MT-Phe-3'-tRF,2607.0,862.0,949.0,2725.0,1385.0,5012.0,6750.0,9225.0,653.0,1172.0,3500.0,397.0,1137.0,2347.0,3095.0,1849.0,2058.0,576.0,1125.0,1525.0,1022.0,779.0,3064.0,13719.0,1561.0,2135.0,625.0,967.0,203.0,1454.0,272.0,1901.0,193.0,149.0,78.0,1043.0,1955.0,167.0,89.0,587.0,252.0,359.0,183.0,226.0,287.0,2452.0,595.0,1392.0,2278.0,715.0,183.0,29.0,209.0,721.0,50.0,178.0,581.0,969.0,1691.0,229.0,94.0,1637.0,570.0,1129.0,756.0,165.0,1994.0,243.0,28.0,716.0,505.0,250.0,181.0,326.0,520.0,1347.0,2128.0,2064.0,1050.0,456.0
MT-Phe-5'-half,3.0,6.0,16.0,3.0,1.0,0.0,23.0,8.0,3.0,5.0,21.0,3.0,12.0,26.0,3.0,28.0,13.0,22.0,19.0,2.0,8.0,4.0,13.0,33.0,21.0,38.0,15.0,16.0,7.0,6.0,2.0,23.0,0.0,0.0,4.0,6.0,18.0,1.0,0.0,5.0,1.0,0.0,0.0,0.0,1.0,3.0,5.0,1.0,6.0,2.0,0.0,0.0,2.0,5.0,0.0,2.0,1.0,3.0,9.0,1.0,0.0,9.0,2.0,5.0,2.0,2.0,4.0,1.0,0.0,6.0,2.0,0.0,1.0,2.0,3.0,1.0,1.0,2.0,1.0,0.0
MT-Phe-5'-tRF,8.0,38.0,7.0,19.0,5.0,16.0,21.0,21.0,16.0,37.0,40.0,7.0,23.0,28.0,7.0,113.0,22.0,30.0,40.0,7.0,8.0,4.0,6.0,51.0,44.0,34.0,28.0,45.0,6.0,23.0,0.0,71.0,5.0,2.0,3.0,7.0,22.0,2.0,0.0,13.0,0.0,0.0,2.0,6.0,3.0,10.0,7.0,13.0,17.0,10.0,0.0,1.0,8.0,5.0,1.0,2.0,3.0,2.0,19.0,1.0,1.0,12.0,7.0,14.0,6.0,0.0,13.0,1.0,0.0,3.0,2.0,0.0,4.0,8.0,2.0,10.0,14.0,11.0,17.0,3.0
MT-Pro-3'-half,168.0,47.0,53.0,73.0,71.0,305.0,292.0,310.0,28.0,92.0,198.0,30.0,41.0,106.0,120.0,101.0,64.0,34.0,77.0,33.0,51.0,22.0,56.0,389.0,119.0,120.0,39.0,82.0,5.0,132.0,34.0,62.0,6.0,5.0,1.0,15.0,57.0,5.0,0.0,9.0,3.0,8.0,2.0,3.0,3.0,94.0,18.0,33.0,24.0,20.0,7.0,1.0,5.0,20.0,0.0,6.0,11.0,29.0,103.0,6.0,3.0,70.0,7.0,24.0,2.0,1.0,58.0,5.0,0.0,12.0,8.0,9.0,0.0,12.0,6.0,35.0,58.0,60.0,80.0,9.0
MT-Pro-3'-tRF,2341.0,927.0,1164.0,1566.0,1156.0,3929.0,4594.0,5506.0,553.0,1241.0,2870.0,412.0,882.0,2054.0,2321.0,2144.0,1190.0,680.0,1315.0,847.0,686.0,494.0,1429.0,7495.0,1767.0,1732.0,635.0,830.0,199.0,1617.0,186.0,1767.0,109.0,99.0,57.0,925.0,1360.0,191.0,50.0,615.0,140.0,165.0,189.0,219.0,210.0,1963.0,473.0,1005.0,1121.0,676.0,169.0,21.0,254.0,543.0,84.0,220.0,457.0,763.0,1771.0,244.0,83.0,1193.0,494.0,1043.0,572.0,202.0,2085.0,156.0,12.0,509.0,403.0,162.0,125.0,334.0,339.0,1079.0,1649.0,1312.0,1171.0,320.0
MT-Pro-5'-half,9.0,0.0,0.0,1.0,0.0,0.0,4.0,2.0,1.0,0.0,3.0,1.0,1.0,3.0,0.0,0.0,0.0,4.0,5.0,0.0,0.0,0.0,4.0,40.0,2.0,8.0,0.0,12.0,0.0,0.0,0.0,0.0,0.0,0.0,0.0,0.0,0.0,0.0,0.0,2.0,0.0,0.0,0.0,1.0,0.0,1.0,2.0,2.0,1.0,2.0,0.0,0.0,0.0,0.0,0.0,0.0,2.0,0.0,0.0,0.0,0.0,8.0,0.0,1.0,0.0,0.0,2.0,0.0,0.0,0.0,1.0,0.0,0.0,0.0,1.0,1.0,4.0,0.0,4.0,1.0
MT-Pro-5'-tRF,0.0,16.0,1.0,8.0,2.0,10.0,22.0,46.0,9.0,5.0,21.0,8.0,8.0,16.0,3.0,26.0,4.0,14.0,16.0,3.0,3.0,2.0,1.0,61.0,7.0,19.0,8.0,17.0,0.0,0.0,0.0,22.0,1.0,0.0,2.0,5.0,10.0,0.0,0.0,2.0,0.0,1.0,0.0,5.0,4.0,24.0,0.0,7.0,21.0,19.0,0.0,0.0,2.0,3.0,0.0,2.0,3.0,5.0,8.0,5.0,2.0,18.0,3.0,5.0,3.0,3.0,4.0,2.0,1.0,2.0,6.0,0.0,4.0,2.0,3.0,6.0,9.0,3.0,15.0,3.0
MT-Ser-3'-half,38.0,42.0,77.0,58.0,52.0,83.0,295.0,65.0,29.0,48.0,222.0,13.0,80.0,82.0,21.0,50.0,68.0,14.0,42.0,47.0,48.0,21.0,32.0,288.0,45.0,71.0,16.0,44.0,0.0,28.0,2.0,27.0,1.0,0.0,0.0,10.0,11.0,2.0,1.0,0.0,1.0,2.0,0.0,0.0,1.0,19.0,3.0,6.0,7.0,0.0,3.0,0.0,2.0,6.0,0.0,1.0,9.0,9.0,21.0,3.0,0.0,10.0,3.0,6.0,6.0,2.0,18.0,6.0,0.0,3.0,8.0,0.0,2.0,4.0,1.0,11.0,20.0,39.0,16.0,2.0
MT-Ser-3'-tRF,1834.0,1458.0,1662.0,1994.0,1681.0,3520.0,8548.0,5271.0,705.0,1603.0,5300.0,485.0,1798.0,2407.0,1545.0,1540.0,1465.0,555.0,865.0,906.0,942.0,576.0,1231.0,7911.0,961.0,1687.0,498.0,949.0,203.0,1260.0,123.0,967.0,178.0,156.0,16.0,1025.0,1035.0,165.0,51.0,355.0,91.0,166.0,106.0,177.0,183.0,1121.0,348.0,753.0,907.0,420.0,165.0,23.0,137.0,578.0,29.0,105.0,360.0,581.0,1759.0,211.0,51.0,1108.0,499.0,565.0,477.0,148.0,2016.0,134.0,29.0,428.0,355.0,190.0,110.0,272.0,233.0,1198.0,1281.0,2288.0,959.0,260.0
MT-Ser-5'-tRF,100.0,67.0,76.0,75.0,44.0,213.0,399.0,398.0,105.0,100.0,297.0,41.0,77.0,134.0,233.0,71.0,127.0,52.0,58.0,46.0,24.0,30.0,153.0,940.0,98.0,228.0,31.0,137.0,3.0,88.0,3.0,71.0,7.0,7.0,5.0,43.0,105.0,15.0,4.0,8.0,1.0,8.0,2.0,6.0,6.0,19.0,21.0,64.0,78.0,43.0,5.0,0.0,8.0,15.0,0.0,10.0,27.0,50.0,39.0,24.0,9.0,170.0,17.0,77.0,22.0,1.0,78.0,19.0,0.0,62.0,29.0,6.0,11.0,11.0,18.0,67.0,70.0,66.0,100.0,12.0
MT-Thr-3'-half,284.0,136.0,0.0,172.0,259.0,397.0,1380.0,0.0,98.0,141.0,527.0,54.0,149.0,253.0,224.0,1.0,141.0,71.0,0.0,108.0,92.0,56.0,153.0,0.0,162.0,229.0,73.0,96.0,25.0,147.0,25.0,4.0,5.0,8.0,4.0,67.0,152.0,29.0,4.0,31.0,21.0,24.0,7.0,13.0,14.0,153.0,32.0,129.0,87.0,27.0,15.0,0.0,14.0,57.0,2.0,14.0,42.0,123.0,293.0,0.0,0.0,1.0,40.0,57.0,25.0,15.0,178.0,11.0,0.0,68.0,44.0,19.0,0.0,0.0,0.0,0.0,246.0,1.0,249.0,27.0
MT-Thr-3'-tRF,2606.0,734.0,561.0,1365.0,1321.0,4041.0,5707.0,5799.0,347.0,699.0,1993.0,245.0,978.0,1816.0,2275.0,382.0,842.0,347.0,405.0,594.0,364.0,410.0,1166.0,5789.0,640.0,921.0,227.0,427.0,174.0,1570.0,133.0,407.0,124.0,97.0,43.0,886.0,888.0,131.0,35.0,272.0,138.0,236.0,104.0,245.0,145.0,1560.0,275.0,701.0,845.0,416.0,121.0,19.0,149.0,523.0,39.0,108.0,315.0,474.0,1233.0,196.0,46.0,973.0,383.0,776.0,453.0,191.0,2033.0,130.0,12.0,340.0,348.0,129.0,100.0,232.0,245.0,626.0,1441.0,1371.0,833.0,260.0
MT-Thr-5'-tRF,5.0,6.0,6.0,2.0,3.0,5.0,23.0,11.0,6.0,9.0,5.0,0.0,6.0,19.0,12.0,57.0,2.0,7.0,18.0,4.0,0.0,7.0,6.0,26.0,11.0,15.0,6.0,5.0,1.0,1.0,0.0,22.0,0.0,0.0,0.0,1.0,4.0,0.0,0.0,2.0,1.0,0.0,1.0,0.0,0.0,0.0,0.0,2.0,3.0,1.0,0.0,0.0,2.0,4.0,0.0,3.0,0.0,4.0,7.0,0.0,2.0,7.0,1.0,1.0,4.0,1.0,5.0,2.0,0.0,3.0,1.0,0.0,2.0,0.0,4.0,13.0,16.0,1.0,19.0,0.0
MT-Tyr-3'-half,0.0,2.0,0.0,0.0,4.0,8.0,12.0,0.0,0.0,1.0,9.0,0.0,2.0,3.0,9.0,4.0,0.0,1.0,0.0,2.0,1.0,0.0,0.0,0.0,1.0,7.0,2.0,1.0,2.0,0.0,0.0,5.0,1.0,0.0,0.0,3.0,0.0,1.0,0.0,0.0,0.0,0.0,0.0,0.0,2.0,3.0,1.0,0.0,0.0,0.0,0.0,0.0,0.0,0.0,0.0,0.0,0.0,0.0,0.0,0.0,0.0,1.0,0.0,0.0,0.0,0.0,1.0,0.0,0.0,0.0,1.0,0.0,0.0,0.0,0.0,3.0,0.0,0.0,0.0,0.0
MT-Tyr-3'-tRF,725.0,389.0,383.0,601.0,603.0,1798.0,1846.0,2236.0,207.0,571.0,1170.0,150.0,495.0,770.0,855.0,519.0,446.0,215.0,271.0,341.0,341.0,197.0,485.0,3674.0,469.0,515.0,169.0,250.0,44.0,521.0,61.0,538.0,101.0,44.0,33.0,532.0,714.0,113.0,42.0,226.0,79.0,73.0,49.0,82.0,134.0,618.0,311.0,646.0,671.0,241.0,76.0,20.0,109.0,179.0,31.0,88.0,187.0,237.0,705.0,97.0,31.0,425.0,164.0,415.0,235.0,72.0,944.0,111.0,3.0,235.0,150.0,61.0,58.0,148.0,127.0,436.0,440.0,718.0,310.0,86.0
MT-Tyr-5'-half,0.0,2.0,1.0,1.0,0.0,8.0,6.0,4.0,0.0,1.0,8.0,0.0,0.0,1.0,0.0,1.0,1.0,0.0,2.0,1.0,1.0,2.0,2.0,23.0,0.0,5.0,1.0,2.0,0.0,0.0,0.0,2.0,1.0,0.0,3.0,0.0,1.0,1.0,1.0,0.0,0.0,0.0,0.0,0.0,0.0,0.0,0.0,3.0,0.0,0.0,0.0,0.0,0.0,0.0,0.0,0.0,0.0,0.0,1.0,0.0,0.0,0.0,0.0,3.0,0.0,0.0,0.0,0.0,0.0,3.0,1.0,0.0,0.0,0.0,0.0,0.0,0.0,0.0,0.0,0.0
MT-Tyr-5'-tRF,0.0,1.0,0.0,0.0,0.0,0.0,1.0,5.0,0.0,1.0,1.0,0.0,0.0,0.0,0.0,1.0,0.0,0.0,0.0,0.0,0.0,0.0,0.0,3.0,0.0,1.0,0.0,0.0,0.0,0.0,0.0,3.0,0.0,0.0,0.0,0.0,0.0,0.0,0.0,0.0,0.0,0.0,0.0,0.0,0.0,0.0,0.0,0.0,1.0,0.0,0.0,0.0,0.0,0.0,0.0,0.0,0.0,0.0,0.0,0.0,1.0,0.0,0.0,0.0,0.0,0.0,0.0,0.0,0.0,1.0,0.0,0.0,0.0,0.0,0.0,0.0,0.0,0.0,0.0,0.0
MT-Val-3'-half,1859.0,988.0,712.0,1589.0,874.0,3071.0,3258.0,3902.0,511.0,1054.0,4247.0,315.0,735.0,1584.0,1493.0,1589.0,836.0,505.0,790.0,792.0,805.0,332.0,790.0,6638.0,765.0,1342.0,560.0,953.0,166.0,1145.0,134.0,1655.0,55.0,52.0,10.0,337.0,376.0,75.0,20.0,92.0,32.0,79.0,19.0,90.0,79.0,540.0,342.0,428.0,496.0,153.0,49.0,4.0,63.0,165.0,12.0,34.0,181.0,294.0,1050.0,68.0,23.0,529.0,144.0,161.0,159.0,32.0,705.0,56.0,3.0,215.0,143.0,140.0,28.0,55.0,76.0,528.0,532.0,1263.0,494.0,105.0
MT-Val-3'-tRF,8101.0,4445.0,3959.0,8690.0,5064.0,17912.0,24534.0,28711.0,1905.0,5535.0,16137.0,1642.0,4716.0,9967.0,8988.0,7552.0,5739.0,2357.0,3967.0,3643.0,3096.0,1951.0,6477.0,42300.0,4329.0,8001.0,2467.0,4066.0,706.0,5191.0,616.0,7289.0,475.0,472.0,156.0,3848.0,4724.0,582.0,271.0,1320.0,661.0,885.0,376.0,949.0,1059.0,8037.0,2497.0,3760.0,6110.0,2057.0,1256.0,121.0,1048.0,3016.0,224.0,546.0,2362.0,2694.0,6184.0,1083.0,312.0,5272.0,2699.0,3451.0,3175.0,819.0,7013.0,818.0,110.0,2774.0,2114.0,942.0,442.0,1094.0,1318.0,4875.0,6105.0,10359.0,4459.0,1427.0
MT-Val-5'-tRF,0.0,4.0,0.0,0.0,0.0,0.0,7.0,15.0,2.0,1.0,6.0,0.0,3.0,3.0,0.0,1.0,1.0,9.0,0.0,4.0,2.0,0.0,2.0,32.0,4.0,0.0,0.0,1.0,1.0,0.0,0.0,0.0,0.0,0.0,0.0,0.0,1.0,0.0,0.0,1.0,0.0,0.0,0.0,0.0,0.0,0.0,0.0,0.0,0.0,0.0,0.0,0.0,0.0,1.0,0.0,0.0,0.0,0.0,0.0,0.0,0.0,0.0,0.0,1.0,0.0,0.0,0.0,0.0,0.0,0.0,0.0,0.0,0.0,0.0,0.0,0.0,0.0,1.0,0.0,0.0
Nuc-Ala-3'-half,0.0,1.0,2.0,3.0,0.0,4.0,6.0,12.0,1.0,0.0,0.0,0.0,1.0,7.0,9.0,2.0,2.0,0.0,0.0,0.0,2.0,0.0,0.0,14.0,0.0,1.0,0.0,0.0,0.0,0.0,0.0,0.0,0.0,0.0,0.0,0.0,0.0,0.0,0.0,0.0,0.0,0.0,0.0,0.0,0.0,0.0,0.0,1.0,2.0,0.0,0.0,0.0,0.0,0.0,0.0,0.0,0.0,0.0,1.0,1.0,0.0,0.0,0.0,0.0,0.0,0.0,0.0,0.0,0.0,0.0,0.0,0.0,0.0,0.0,0.0,1.0,3.0,0.0,0.0,0.0
Nuc-Ala-3'-tRF,1566.0,372.0,294.0,1981.0,1012.0,5958.0,8114.0,8706.0,121.0,443.0,466.0,109.0,282.0,2161.0,1262.0,1404.0,879.0,458.0,575.0,701.0,141.0,181.0,847.0,5104.0,402.0,649.0,217.0,184.0,119.0,874.0,117.0,685.0,40.0,39.0,47.0,220.0,417.0,54.0,77.0,725.0,259.0,168.0,143.0,105.0,219.0,575.0,116.0,585.0,446.0,239.0,111.0,20.0,98.0,770.0,15.0,158.0,111.0,256.0,603.0,75.0,45.0,347.0,208.0,541.0,242.0,108.0,528.0,64.0,10.0,137.0,159.0,27.0,46.0,115.0,159.0,489.0,1121.0,288.0,324.0,73.0
Nuc-Ala-5'-half,0.0,0.0,0.0,1.0,4.0,5.0,8.0,6.0,2.0,1.0,1.0,0.0,1.0,11.0,13.0,11.0,5.0,0.0,1.0,1.0,3.0,2.0,2.0,98.0,18.0,1.0,1.0,0.0,0.0,2.0,1.0,3.0,0.0,2.0,0.0,0.0,3.0,1.0,0.0,0.0,0.0,0.0,2.0,0.0,0.0,0.0,7.0,1.0,4.0,4.0,0.0,0.0,0.0,0.0,0.0,0.0,0.0,0.0,0.0,0.0,0.0,0.0,4.0,4.0,2.0,0.0,2.0,0.0,0.0,4.0,0.0,0.0,0.0,0.0,1.0,0.0,0.0,0.0,0.0,0.0
Nuc-Ala-5'-tRF,17.0,2.0,11.0,12.0,8.0,17.0,57.0,116.0,5.0,6.0,17.0,1.0,7.0,14.0,28.0,16.0,34.0,5.0,12.0,15.0,7.0,3.0,14.0,481.0,24.0,16.0,0.0,5.0,1.0,14.0,0.0,12.0,6.0,1.0,1.0,11.0,42.0,3.0,14.0,8.0,3.0,6.0,1.0,0.0,4.0,13.0,29.0,9.0,52.0,6.0,5.0,0.0,3.0,2.0,0.0,2.0,4.0,4.0,9.0,4.0,4.0,28.0,9.0,7.0,13.0,7.0,49.0,1.0,2.0,10.0,3.0,1.0,3.0,0.0,5.0,19.0,15.0,12.0,9.0,0.0
Nuc-Arg-3'-half,25.0,22.0,14.0,40.0,26.0,21.0,256.0,139.0,18.0,35.0,57.0,11.0,32.0,68.0,11.0,88.0,101.0,44.0,63.0,53.0,37.0,17.0,59.0,545.0,88.0,59.0,53.0,43.0,11.0,20.0,17.0,26.0,2.0,0.0,1.0,3.0,17.0,6.0,1.0,1.0,0.0,1.0,1.0,2.0,5.0,11.0,1.0,9.0,22.0,2.0,0.0,0.0,1.0,1.0,0.0,4.0,5.0,9.0,22.0,1.0,0.0,29.0,2.0,4.0,3.0,0.0,1.0,0.0,0.0,11.0,1.0,1.0,2.0,1.0,9.0,10.0,14.0,22.0,14.0,0.0
Nuc-Arg-3'-tRF,2632.0,411.0,272.0,2052.0,1105.0,4591.0,6403.0,8880.0,218.0,779.0,919.0,205.0,372.0,1991.0,1819.0,2026.0,1955.0,741.0,1293.0,1748.0,563.0,397.0,2093.0,22396.0,2179.0,1099.0,587.0,661.0,231.0,1695.0,509.0,1112.0,38.0,40.0,37.0,204.0,760.0,166.0,27.0,309.0,160.0,192.0,136.0,145.0,204.0,734.0,486.0,433.0,1099.0,277.0,158.0,33.0,119.0,430.0,19.0,150.0,160.0,474.0,748.0,101.0,73.0,911.0,328.0,515.0,307.0,76.0,445.0,81.0,7.0,470.0,255.0,103.0,100.0,98.0,382.0,811.0,1228.0,873.0,726.0,153.0
Nuc-Arg-5'-half,26.0,6.0,3.0,22.0,7.0,28.0,68.0,209.0,18.0,17.0,17.0,8.0,11.0,50.0,13.0,88.0,91.0,14.0,44.0,41.0,18.0,22.0,59.0,1250.0,183.0,76.0,6.0,83.0,12.0,30.0,55.0,63.0,1.0,0.0,1.0,3.0,25.0,3.0,0.0,1.0,0.0,1.0,0.0,1.0,2.0,11.0,13.0,3.0,32.0,4.0,1.0,0.0,3.0,3.0,0.0,2.0,2.0,10.0,8.0,1.0,0.0,27.0,7.0,10.0,11.0,3.0,2.0,2.0,0.0,30.0,5.0,1.0,1.0,1.0,6.0,16.0,25.0,10.0,12.0,0.0
Nuc-Arg-5'-tRF,18.0,17.0,24.0,39.0,53.0,40.0,60.0,131.0,11.0,24.0,23.0,9.0,6.0,30.0,43.0,19.0,42.0,7.0,10.0,40.0,12.0,6.0,13.0,258.0,55.0,22.0,7.0,8.0,2.0,19.0,14.0,27.0,4.0,4.0,1.0,13.0,29.0,1.0,3.0,5.0,2.0,2.0,2.0,4.0,0.0,10.0,1.0,7.0,17.0,2.0,2.0,0.0,2.0,6.0,1.0,0.0,8.0,1.0,0.0,1.0,1.0,8.0,10.0,2.0,9.0,1.0,8.0,0.0,0.0,11.0,10.0,1.0,1.0,1.0,3.0,14.0,7.0,5.0,6.0,1.0
Nuc-Asn-3'-half,81.0,23.0,10.0,40.0,44.0,71.0,223.0,131.0,1.0,20.0,47.0,7.0,21.0,85.0,13.0,62.0,29.0,16.0,25.0,21.0,6.0,13.0,41.0,171.0,31.0,33.0,9.0,11.0,6.0,20.0,12.0,12.0,0.0,0.0,1.0,5.0,13.0,0.0,0.0,1.0,0.0,0.0,2.0,0.0,1.0,4.0,2.0,2.0,5.0,0.0,0.0,0.0,2.0,5.0,0.0,0.0,3.0,3.0,3.0,4.0,2.0,4.0,3.0,4.0,2.0,0.0,4.0,4.0,0.0,1.0,3.0,1.0,2.0,1.0,1.0,7.0,10.0,11.0,0.0,2.0
Nuc-Asn-3'-tRF,283.0,100.0,17.0,210.0,70.0,245.0,345.0,508.0,15.0,82.0,81.0,29.0,23.0,180.0,168.0,203.0,120.0,61.0,123.0,103.0,20.0,25.0,92.0,351.0,100.0,114.0,34.0,59.0,17.0,123.0,25.0,83.0,1.0,3.0,1.0,7.0,34.0,4.0,5.0,24.0,7.0,17.0,16.0,6.0,6.0,40.0,3.0,16.0,39.0,37.0,7.0,1.0,13.0,26.0,0.0,10.0,11.0,23.0,12.0,5.0,7.0,33.0,10.0,40.0,14.0,11.0,28.0,6.0,0.0,9.0,9.0,0.0,3.0,8.0,8.0,14.0,54.0,9.0,20.0,3.0
Nuc-Asn-5'-tRF,0.0,0.0,0.0,0.0,1.0,0.0,0.0,0.0,0.0,1.0,0.0,0.0,0.0,3.0,4.0,0.0,0.0,0.0,0.0,0.0,1.0,2.0,0.0,1.0,0.0,0.0,1.0,0.0,0.0,0.0,0.0,0.0,0.0,0.0,0.0,0.0,0.0,0.0,0.0,0.0,0.0,0.0,0.0,0.0,0.0,0.0,0.0,0.0,0.0,0.0,0.0,0.0,0.0,0.0,0.0,2.0,0.0,0.0,0.0,0.0,0.0,0.0,0.0,0.0,0.0,0.0,0.0,0.0,0.0,0.0,0.0,0.0,0.0,1.0,0.0,0.0,0.0,0.0,0.0,0.0
Nuc-Asp-3'-half,2180.0,809.0,1680.0,2434.0,2669.0,5534.0,13346.0,6438.0,346.0,1321.0,4046.0,572.0,1651.0,4653.0,1216.0,1764.0,2220.0,727.0,1241.0,882.0,1047.0,596.0,1231.0,11544.0,1492.0,1192.0,451.0,870.0,256.0,1872.0,119.0,711.0,102.0,152.0,87.0,837.0,1589.0,203.0,47.0,167.0,33.0,113.0,72.0,148.0,226.0,1065.0,269.0,884.0,938.0,198.0,112.0,15.0,410.0,219.0,8.0,114.0,388.0,327.0,1380.0,459.0,44.0,845.0,259.0,302.0,243.0,32.0,1292.0,160.0,4.0,311.0,193.0,135.0,78.0,225.0,117.0,701.0,412.0,1192.0,304.0,79.0
Nuc-Asp-3'-tRF,7845.0,2462.0,1627.0,6927.0,6246.0,13110.0,17581.0,22841.0,1013.0,3748.0,4156.0,1338.0,1527.0,8332.0,6744.0,6011.0,4411.0,2210.0,3225.0,2629.0,1355.0,993.0,3151.0,19447.0,4465.0,5581.0,1698.0,2557.0,596.0,4757.0,551.0,2406.0,164.0,275.0,265.0,1996.0,4518.0,424.0,299.0,2733.0,499.0,528.0,1359.0,642.0,733.0,4241.0,522.0,1810.0,3487.0,2546.0,661.0,97.0,1315.0,2064.0,200.0,1262.0,1224.0,1504.0,2562.0,1073.0,648.0,3204.0,1332.0,3619.0,2767.0,398.0,1763.0,434.0,22.0,1285.0,1023.0,273.0,371.0,1052.0,1140.0,3705.0,3590.0,2892.0,2399.0,515.0
Nuc-Asp-5'-half,0.0,0.0,0.0,0.0,0.0,0.0,1.0,0.0,0.0,0.0,1.0,0.0,1.0,2.0,0.0,1.0,1.0,0.0,0.0,0.0,0.0,0.0,1.0,10.0,0.0,1.0,1.0,0.0,0.0,0.0,1.0,0.0,0.0,0.0,0.0,0.0,0.0,0.0,0.0,0.0,0.0,0.0,0.0,0.0,0.0,0.0,0.0,0.0,1.0,0.0,0.0,0.0,0.0,0.0,0.0,0.0,0.0,0.0,0.0,1.0,0.0,0.0,0.0,0.0,0.0,0.0,2.0,0.0,0.0,0.0,0.0,0.0,0.0,0.0,0.0,0.0,0.0,0.0,0.0,0.0
Nuc-Asp-5'-tRF,0.0,0.0,0.0,5.0,1.0,0.0,1.0,0.0,0.0,0.0,1.0,0.0,0.0,0.0,0.0,0.0,0.0,0.0,0.0,1.0,1.0,0.0,0.0,1.0,3.0,1.0,0.0,0.0,1.0,0.0,0.0,0.0,0.0,0.0,0.0,0.0,1.0,0.0,0.0,0.0,0.0,1.0,0.0,0.0,0.0,0.0,0.0,0.0,0.0,0.0,0.0,0.0,0.0,0.0,0.0,0.0,0.0,0.0,0.0,1.0,0.0,2.0,0.0,0.0,0.0,0.0,0.0,0.0,0.0,0.0,0.0,0.0,0.0,0.0,0.0,0.0,0.0,0.0,0.0,0.0
Nuc-Cys-3'-half,0.0,0.0,0.0,3.0,0.0,6.0,9.0,0.0,0.0,0.0,1.0,0.0,1.0,4.0,0.0,9.0,7.0,2.0,2.0,1.0,0.0,0.0,0.0,1.0,0.0,0.0,0.0,1.0,1.0,0.0,0.0,0.0,0.0,0.0,0.0,1.0,0.0,0.0,0.0,0.0,0.0,0.0,0.0,0.0,0.0,0.0,0.0,0.0,0.0,0.0,0.0,0.0,0.0,0.0,0.0,0.0,0.0,0.0,0.0,0.0,0.0,0.0,0.0,0.0,1.0,0.0,0.0,0.0,0.0,1.0,0.0,0.0,0.0,0.0,0.0,0.0,0.0,1.0,0.0,0.0
Nuc-Cys-3'-tRF,392.0,74.0,48.0,490.0,331.0,803.0,783.0,1614.0,25.0,105.0,192.0,31.0,82.0,419.0,364.0,175.0,216.0,98.0,92.0,142.0,13.0,21.0,193.0,1142.0,56.0,114.0,43.0,27.0,17.0,208.0,6.0,67.0,7.0,23.0,7.0,105.0,175.0,19.0,16.0,99.0,15.0,43.0,25.0,36.0,34.0,226.0,11.0,118.0,129.0,77.0,22.0,1.0,43.0,62.0,5.0,60.0,38.0,70.0,28.0,23.0,17.0,100.0,75.0,177.0,90.0,35.0,126.0,23.0,3.0,48.0,35.0,15.0,24.0,55.0,42.0,158.0,236.0,48.0,63.0,21.0
Nuc-Cys-5'-half,12.0,0.0,1.0,0.0,0.0,0.0,10.0,56.0,1.0,2.0,11.0,0.0,4.0,2.0,5.0,22.0,63.0,0.0,18.0,7.0,3.0,5.0,15.0,290.0,50.0,5.0,7.0,6.0,1.0,23.0,2.0,11.0,3.0,0.0,0.0,0.0,11.0,2.0,0.0,0.0,0.0,0.0,0.0,0.0,0.0,7.0,13.0,3.0,7.0,0.0,0.0,0.0,2.0,0.0,0.0,0.0,2.0,5.0,7.0,0.0,4.0,3.0,0.0,0.0,4.0,0.0,0.0,1.0,0.0,11.0,6.0,1.0,0.0,0.0,1.0,1.0,5.0,3.0,6.0,0.0
Nuc-Cys-5'-tRF,0.0,1.0,0.0,8.0,0.0,0.0,13.0,21.0,0.0,2.0,3.0,1.0,0.0,10.0,4.0,15.0,19.0,5.0,2.0,1.0,2.0,0.0,6.0,122.0,23.0,12.0,3.0,0.0,1.0,2.0,0.0,9.0,3.0,0.0,4.0,0.0,9.0,0.0,0.0,0.0,2.0,3.0,0.0,1.0,0.0,2.0,14.0,5.0,6.0,1.0,0.0,0.0,0.0,0.0,0.0,0.0,0.0,1.0,0.0,0.0,1.0,2.0,1.0,0.0,2.0,0.0,1.0,0.0,0.0,3.0,1.0,0.0,1.0,0.0,3.0,1.0,1.0,4.0,1.0,0.0
Nuc-Gln-3'-tRF,0.0,1.0,0.0,4.0,0.0,0.0,4.0,4.0,0.0,0.0,0.0,0.0,1.0,0.0,1.0,1.0,1.0,0.0,1.0,2.0,0.0,0.0,0.0,5.0,1.0,0.0,0.0,0.0,0.0,1.0,0.0,0.0,0.0,0.0,0.0,0.0,0.0,0.0,0.0,0.0,0.0,0.0,0.0,0.0,0.0,0.0,0.0,0.0,0.0,0.0,0.0,0.0,0.0,0.0,0.0,0.0,0.0,0.0,0.0,0.0,0.0,0.0,0.0,0.0,0.0,0.0,0.0,0.0,0.0,0.0,0.0,0.0,0.0,0.0,0.0,0.0,3.0,0.0,0.0,0.0
Nuc-Gln-5'-half,9.0,5.0,2.0,15.0,18.0,57.0,81.0,180.0,4.0,9.0,10.0,3.0,3.0,28.0,61.0,120.0,20.0,14.0,4.0,14.0,3.0,11.0,28.0,920.0,114.0,36.0,0.0,21.0,2.0,15.0,44.0,60.0,0.0,0.0,2.0,3.0,27.0,0.0,1.0,0.0,0.0,0.0,0.0,3.0,2.0,3.0,1.0,12.0,29.0,4.0,1.0,1.0,1.0,1.0,0.0,0.0,3.0,5.0,1.0,0.0,0.0,20.0,1.0,8.0,11.0,0.0,2.0,2.0,0.0,4.0,2.0,0.0,1.0,2.0,0.0,5.0,4.0,6.0,8.0,0.0
Nuc-Gln-5'-tRF,5.0,18.0,18.0,32.0,22.0,34.0,152.0,100.0,7.0,22.0,52.0,9.0,5.0,26.0,26.0,31.0,19.0,9.0,22.0,19.0,13.0,5.0,20.0,288.0,22.0,35.0,10.0,38.0,1.0,13.0,11.0,27.0,3.0,0.0,3.0,1.0,16.0,0.0,0.0,3.0,1.0,0.0,3.0,0.0,1.0,14.0,3.0,6.0,11.0,0.0,0.0,0.0,1.0,0.0,0.0,1.0,2.0,6.0,3.0,3.0,3.0,36.0,3.0,4.0,9.0,0.0,3.0,3.0,0.0,1.0,1.0,1.0,4.0,3.0,3.0,15.0,7.0,12.0,13.0,3.0
Nuc-Glu-3'-half,0.0,0.0,0.0,0.0,0.0,0.0,0.0,0.0,0.0,0.0,1.0,0.0,0.0,0.0,0.0,0.0,0.0,0.0,0.0,0.0,0.0,0.0,0.0,0.0,0.0,0.0,0.0,0.0,1.0,1.0,0.0,0.0,0.0,0.0,0.0,0.0,0.0,0.0,0.0,0.0,0.0,0.0,1.0,0.0,0.0,0.0,0.0,0.0,0.0,0.0,0.0,0.0,0.0,0.0,0.0,0.0,0.0,0.0,0.0,0.0,0.0,0.0,0.0,0.0,0.0,0.0,0.0,0.0,0.0,0.0,0.0,0.0,0.0,0.0,0.0,0.0,0.0,0.0,0.0,0.0
Nuc-Glu-3'-tRF,2.0,0.0,0.0,4.0,1.0,1.0,2.0,0.0,2.0,1.0,1.0,1.0,2.0,2.0,1.0,1.0,1.0,1.0,1.0,0.0,5.0,2.0,0.0,9.0,0.0,0.0,0.0,1.0,1.0,0.0,0.0,1.0,0.0,0.0,0.0,0.0,0.0,0.0,1.0,0.0,0.0,0.0,0.0,0.0,0.0,0.0,1.0,0.0,0.0,2.0,0.0,0.0,0.0,0.0,0.0,2.0,0.0,0.0,0.0,0.0,0.0,0.0,0.0,1.0,0.0,0.0,0.0,0.0,0.0,0.0,0.0,0.0,0.0,1.0,0.0,1.0,1.0,1.0,0.0,0.0
Nuc-Glu-5'-half,0.0,3.0,8.0,3.0,3.0,1.0,22.0,29.0,3.0,5.0,12.0,1.0,8.0,8.0,17.0,26.0,17.0,9.0,5.0,4.0,5.0,7.0,10.0,81.0,57.0,16.0,0.0,5.0,1.0,10.0,5.0,13.0,0.0,0.0,0.0,2.0,4.0,1.0,0.0,0.0,0.0,1.0,0.0,1.0,2.0,1.0,5.0,1.0,15.0,1.0,1.0,0.0,0.0,0.0,0.0,0.0,0.0,0.0,3.0,0.0,0.0,2.0,0.0,0.0,2.0,1.0,0.0,0.0,0.0,4.0,1.0,0.0,2.0,0.0,0.0,0.0,1.0,3.0,1.0,0.0
Nuc-Glu-5'-tRF,0.0,2.0,3.0,1.0,1.0,9.0,22.0,7.0,2.0,7.0,7.0,0.0,5.0,4.0,2.0,0.0,6.0,1.0,7.0,0.0,6.0,8.0,0.0,60.0,12.0,30.0,2.0,5.0,2.0,1.0,0.0,2.0,0.0,1.0,0.0,1.0,1.0,0.0,1.0,0.0,0.0,0.0,0.0,0.0,0.0,0.0,2.0,2.0,8.0,0.0,0.0,0.0,0.0,2.0,0.0,0.0,1.0,2.0,0.0,0.0,0.0,2.0,7.0,1.0,0.0,0.0,3.0,0.0,0.0,1.0,0.0,0.0,0.0,0.0,1.0,0.0,2.0,1.0,0.0,0.0
Nuc-Gly-3'-half,133.0,89.0,57.0,204.0,134.0,308.0,704.0,621.0,22.0,61.0,169.0,31.0,65.0,309.0,106.0,167.0,112.0,56.0,79.0,77.0,44.0,10.0,92.0,915.0,42.0,38.0,32.0,60.0,18.0,112.0,6.0,75.0,3.0,12.0,4.0,19.0,18.0,9.0,3.0,11.0,3.0,8.0,0.0,15.0,19.0,54.0,9.0,37.0,32.0,13.0,6.0,1.0,15.0,13.0,0.0,8.0,6.0,21.0,62.0,11.0,1.0,58.0,21.0,23.0,22.0,8.0,56.0,3.0,2.0,5.0,15.0,1.0,3.0,11.0,9.0,41.0,82.0,51.0,41.0,4.0
Nuc-Gly-3'-tRF,834.0,316.0,119.0,1045.0,483.0,1852.0,2070.0,3109.0,99.0,332.0,337.0,73.0,135.0,1027.0,1523.0,687.0,510.0,257.0,285.0,428.0,83.0,91.0,361.0,1897.0,272.0,342.0,117.0,167.0,72.0,489.0,46.0,213.0,29.0,28.0,23.0,70.0,177.0,43.0,23.0,236.0,63.0,90.0,93.0,64.0,89.0,356.0,40.0,149.0,186.0,162.0,60.0,8.0,96.0,160.0,17.0,77.0,47.0,130.0,238.0,45.0,37.0,275.0,152.0,263.0,196.0,44.0,259.0,31.0,0.0,89.0,83.0,17.0,25.0,74.0,76.0,327.0,419.0,204.0,191.0,45.0
Nuc-Gly-5'-half,0.0,1.0,1.0,4.0,0.0,1.0,19.0,11.0,6.0,7.0,2.0,1.0,1.0,13.0,10.0,33.0,19.0,2.0,10.0,4.0,2.0,0.0,2.0,40.0,13.0,5.0,1.0,11.0,1.0,5.0,11.0,27.0,0.0,0.0,0.0,0.0,13.0,0.0,0.0,0.0,0.0,0.0,0.0,0.0,0.0,0.0,2.0,4.0,6.0,0.0,0.0,0.0,0.0,3.0,0.0,0.0,4.0,2.0,0.0,0.0,0.0,2.0,0.0,0.0,1.0,0.0,1.0,1.0,0.0,2.0,0.0,0.0,0.0,0.0,0.0,1.0,5.0,2.0,0.0,0.0
Nuc-Gly-5'-tRF,36.0,15.0,16.0,15.0,18.0,46.0,143.0,66.0,20.0,23.0,30.0,6.0,40.0,79.0,51.0,207.0,171.0,21.0,47.0,39.0,27.0,46.0,32.0,467.0,142.0,90.0,8.0,37.0,6.0,17.0,31.0,76.0,4.0,0.0,1.0,3.0,60.0,8.0,1.0,14.0,0.0,5.0,1.0,3.0,4.0,12.0,11.0,6.0,74.0,20.0,2.0,0.0,1.0,10.0,0.0,0.0,13.0,16.0,12.0,3.0,3.0,25.0,5.0,1.0,22.0,3.0,6.0,5.0,0.0,19.0,5.0,4.0,1.0,2.0,4.0,24.0,35.0,15.0,10.0,3.0
Nuc-His-5'-half,24.0,28.0,33.0,79.0,80.0,222.0,177.0,613.0,48.0,43.0,31.0,6.0,40.0,125.0,379.0,323.0,129.0,14.0,60.0,66.0,63.0,81.0,141.0,2944.0,1392.0,171.0,20.0,71.0,21.0,102.0,402.0,198.0,2.0,4.0,3.0,7.0,175.0,12.0,4.0,6.0,0.0,5.0,2.0,4.0,8.0,27.0,47.0,39.0,149.0,41.0,3.0,2.0,3.0,49.0,2.0,2.0,12.0,6.0,33.0,5.0,0.0,36.0,7.0,12.0,30.0,1.0,19.0,2.0,0.0,34.0,7.0,8.0,4.0,7.0,10.0,27.0,51.0,13.0,38.0,0.0
Nuc-His-5'-tRF,22.0,19.0,7.0,29.0,8.0,35.0,50.0,108.0,11.0,18.0,20.0,2.0,23.0,20.0,36.0,36.0,24.0,18.0,17.0,6.0,13.0,8.0,20.0,605.0,101.0,39.0,2.0,13.0,2.0,19.0,48.0,15.0,1.0,0.0,0.0,9.0,37.0,5.0,0.0,5.0,0.0,3.0,0.0,2.0,1.0,5.0,2.0,4.0,62.0,7.0,3.0,2.0,0.0,13.0,0.0,0.0,3.0,5.0,23.0,5.0,1.0,12.0,9.0,9.0,10.0,0.0,5.0,2.0,0.0,9.0,6.0,2.0,0.0,4.0,1.0,17.0,15.0,23.0,24.0,0.0
Nuc-Ile-3'-half,0.0,1.0,2.0,7.0,6.0,8.0,64.0,7.0,0.0,4.0,1.0,1.0,3.0,12.0,0.0,7.0,3.0,0.0,1.0,9.0,1.0,1.0,1.0,1.0,5.0,9.0,7.0,8.0,0.0,0.0,0.0,2.0,0.0,0.0,0.0,0.0,0.0,0.0,0.0,0.0,0.0,0.0,0.0,0.0,0.0,0.0,0.0,0.0,1.0,0.0,0.0,0.0,0.0,0.0,0.0,0.0,1.0,0.0,5.0,0.0,0.0,4.0,0.0,1.0,0.0,0.0,0.0,0.0,0.0,0.0,0.0,0.0,0.0,0.0,1.0,0.0,1.0,2.0,0.0,0.0
Nuc-Ile-3'-tRF,332.0,56.0,24.0,302.0,101.0,482.0,461.0,1026.0,24.0,77.0,77.0,33.0,29.0,336.0,219.0,219.0,204.0,113.0,216.0,188.0,43.0,51.0,137.0,1076.0,281.0,231.0,109.0,157.0,16.0,144.0,36.0,75.0,6.0,2.0,7.0,16.0,119.0,10.0,2.0,33.0,20.0,24.0,20.0,10.0,12.0,88.0,25.0,41.0,74.0,43.0,14.0,5.0,9.0,26.0,2.0,7.0,16.0,46.0,29.0,4.0,18.0,65.0,29.0,73.0,35.0,5.0,36.0,8.0,0.0,21.0,30.0,2.0,4.0,6.0,20.0,42.0,101.0,27.0,64.0,4.0
Nuc-Ile-5'-tRF,0.0,0.0,0.0,0.0,0.0,0.0,0.0,0.0,0.0,0.0,0.0,0.0,0.0,0.0,0.0,0.0,0.0,0.0,0.0,0.0,0.0,0.0,0.0,0.0,0.0,1.0,0.0,0.0,0.0,0.0,0.0,0.0,0.0,0.0,0.0,0.0,0.0,0.0,0.0,0.0,0.0,0.0,0.0,0.0,0.0,1.0,0.0,0.0,0.0,0.0,0.0,0.0,0.0,0.0,0.0,0.0,0.0,0.0,0.0,0.0,0.0,0.0,0.0,3.0,0.0,0.0,0.0,0.0,0.0,0.0,0.0,0.0,0.0,0.0,0.0,0.0,0.0,0.0,0.0,0.0
Nuc-Leu-3'-half,0.0,3.0,10.0,16.0,12.0,29.0,215.0,38.0,2.0,11.0,21.0,1.0,7.0,15.0,15.0,45.0,19.0,15.0,15.0,12.0,9.0,14.0,3.0,49.0,10.0,8.0,8.0,11.0,2.0,8.0,0.0,19.0,0.0,0.0,0.0,2.0,0.0,0.0,0.0,5.0,0.0,1.0,0.0,0.0,0.0,1.0,0.0,0.0,0.0,1.0,1.0,0.0,0.0,0.0,0.0,0.0,1.0,0.0,1.0,1.0,0.0,0.0,3.0,1.0,1.0,0.0,0.0,1.0,0.0,0.0,0.0,1.0,2.0,1.0,1.0,1.0,3.0,3.0,0.0,2.0
Nuc-Leu-3'-tRF,5102.0,1153.0,541.0,4168.0,2834.0,8406.0,25649.0,19518.0,396.0,1399.0,1805.0,387.0,770.0,3733.0,3651.0,3069.0,3404.0,1437.0,1750.0,2152.0,746.0,696.0,3450.0,14119.0,1825.0,2368.0,867.0,908.0,304.0,3236.0,523.0,1633.0,67.0,149.0,65.0,661.0,1960.0,236.0,173.0,974.0,190.0,273.0,348.0,277.0,260.0,1526.0,225.0,966.0,1003.0,705.0,595.0,54.0,339.0,1876.0,50.0,348.0,504.0,1166.0,1171.0,191.0,211.0,2556.0,1228.0,1061.0,669.0,171.0,711.0,190.0,19.0,754.0,631.0,168.0,162.0,240.0,388.0,2060.0,3292.0,1928.0,1752.0,509.0
Nuc-Leu-5'-half,0.0,1.0,0.0,0.0,2.0,2.0,23.0,2.0,1.0,1.0,3.0,1.0,1.0,6.0,0.0,35.0,11.0,2.0,6.0,5.0,1.0,3.0,4.0,32.0,32.0,24.0,9.0,7.0,1.0,0.0,1.0,15.0,0.0,0.0,0.0,0.0,8.0,0.0,0.0,0.0,0.0,0.0,0.0,0.0,0.0,0.0,2.0,1.0,6.0,0.0,0.0,0.0,0.0,0.0,0.0,0.0,0.0,0.0,0.0,0.0,0.0,0.0,1.0,0.0,0.0,0.0,0.0,1.0,0.0,1.0,1.0,0.0,1.0,0.0,0.0,4.0,2.0,0.0,1.0,1.0
Nuc-Leu-5'-tRF,0.0,1.0,3.0,9.0,2.0,2.0,23.0,32.0,3.0,6.0,10.0,1.0,1.0,2.0,9.0,5.0,33.0,7.0,4.0,0.0,4.0,0.0,20.0,248.0,21.0,22.0,8.0,5.0,1.0,2.0,7.0,15.0,3.0,2.0,0.0,7.0,29.0,5.0,2.0,3.0,0.0,1.0,0.0,0.0,6.0,16.0,3.0,2.0,12.0,5.0,0.0,0.0,0.0,5.0,0.0,1.0,8.0,2.0,1.0,7.0,2.0,30.0,13.0,6.0,5.0,0.0,9.0,3.0,0.0,8.0,5.0,1.0,2.0,0.0,4.0,25.0,14.0,9.0,1.0,5.0
Nuc-Lys-3'-half,0.0,1.0,0.0,0.0,1.0,0.0,9.0,5.0,1.0,2.0,5.0,1.0,1.0,7.0,5.0,15.0,5.0,0.0,0.0,0.0,1.0,0.0,0.0,1.0,0.0,2.0,0.0,0.0,0.0,0.0,0.0,3.0,0.0,0.0,0.0,2.0,0.0,0.0,0.0,0.0,0.0,0.0,0.0,0.0,1.0,0.0,0.0,0.0,1.0,0.0,0.0,0.0,0.0,0.0,0.0,0.0,1.0,0.0,0.0,0.0,0.0,0.0,0.0,0.0,0.0,0.0,0.0,0.0,0.0,0.0,0.0,0.0,0.0,0.0,0.0,0.0,0.0,0.0,0.0,0.0
Nuc-Lys-3'-tRF,467.0,92.0,77.0,580.0,343.0,892.0,974.0,1535.0,44.0,118.0,168.0,49.0,83.0,444.0,357.0,433.0,322.0,133.0,188.0,201.0,75.0,62.0,182.0,1264.0,278.0,212.0,99.0,139.0,33.0,185.0,35.0,185.0,18.0,10.0,23.0,28.0,125.0,21.0,5.0,60.0,41.0,28.0,22.0,23.0,26.0,140.0,28.0,75.0,75.0,34.0,22.0,4.0,26.0,40.0,3.0,18.0,24.0,67.0,68.0,19.0,15.0,120.0,27.0,80.0,64.0,8.0,74.0,17.0,2.0,61.0,28.0,17.0,14.0,15.0,32.0,88.0,141.0,54.0,94.0,12.0
Nuc-Lys-5'-half,1.0,1.0,0.0,2.0,2.0,3.0,29.0,18.0,1.0,2.0,5.0,3.0,1.0,2.0,2.0,22.0,12.0,2.0,2.0,1.0,0.0,4.0,2.0,35.0,36.0,5.0,1.0,1.0,1.0,6.0,6.0,8.0,0.0,1.0,0.0,0.0,6.0,0.0,0.0,0.0,0.0,1.0,0.0,0.0,0.0,0.0,0.0,1.0,9.0,1.0,0.0,0.0,0.0,2.0,0.0,0.0,0.0,1.0,0.0,0.0,0.0,6.0,1.0,0.0,0.0,0.0,0.0,0.0,0.0,2.0,0.0,0.0,0.0,0.0,3.0,4.0,4.0,4.0,2.0,0.0
Nuc-Lys-5'-tRF,6.0,12.0,7.0,14.0,20.0,7.0,135.0,48.0,5.0,26.0,33.0,8.0,11.0,42.0,23.0,71.0,59.0,19.0,6.0,14.0,12.0,12.0,11.0,126.0,117.0,72.0,12.0,42.0,6.0,12.0,1.0,30.0,0.0,1.0,0.0,2.0,18.0,3.0,0.0,4.0,1.0,2.0,0.0,1.0,3.0,1.0,1.0,1.0,42.0,6.0,1.0,0.0,3.0,4.0,0.0,0.0,0.0,1.0,8.0,1.0,0.0,16.0,9.0,1.0,6.0,0.0,4.0,2.0,0.0,22.0,2.0,0.0,1.0,0.0,9.0,7.0,15.0,8.0,15.0,0.0
Nuc-Met-3'-half,437.0,131.0,144.0,409.0,293.0,1199.0,2118.0,2384.0,29.0,177.0,471.0,51.0,147.0,655.0,619.0,481.0,372.0,178.0,256.0,218.0,93.0,78.0,286.0,2739.0,155.0,231.0,111.0,114.0,50.0,382.0,42.0,183.0,1.0,5.0,2.0,27.0,71.0,7.0,3.0,27.0,2.0,10.0,22.0,18.0,9.0,29.0,8.0,49.0,60.0,21.0,6.0,4.0,7.0,17.0,0.0,8.0,28.0,31.0,60.0,10.0,6.0,54.0,20.0,45.0,23.0,1.0,84.0,11.0,0.0,18.0,27.0,2.0,4.0,19.0,13.0,69.0,92.0,71.0,26.0,11.0
Nuc-Met-3'-tRF,6681.0,927.0,1003.0,3810.0,2656.0,11554.0,13934.0,27871.0,292.0,1195.0,3411.0,350.0,1244.0,5278.0,8340.0,2476.0,2712.0,1287.0,2120.0,1626.0,468.0,415.0,3204.0,26452.0,1213.0,1630.0,659.0,465.0,329.0,4491.0,448.0,1315.0,106.0,102.0,72.0,679.0,1464.0,136.0,46.0,473.0,84.0,356.0,498.0,327.0,155.0,1116.0,127.0,1033.0,957.0,426.0,73.0,14.0,206.0,435.0,47.0,347.0,621.0,766.0,583.0,296.0,138.0,918.0,359.0,809.0,540.0,174.0,1569.0,210.0,14.0,280.0,284.0,89.0,107.0,266.0,290.0,1000.0,1456.0,704.0,550.0,183.0
Nuc-Met-5'-half,1.0,2.0,3.0,3.0,9.0,6.0,53.0,18.0,10.0,5.0,13.0,0.0,8.0,5.0,17.0,61.0,30.0,0.0,13.0,11.0,4.0,7.0,1.0,75.0,30.0,39.0,1.0,5.0,1.0,9.0,12.0,24.0,0.0,0.0,2.0,2.0,7.0,1.0,0.0,0.0,0.0,1.0,0.0,2.0,2.0,1.0,0.0,3.0,17.0,3.0,0.0,1.0,0.0,6.0,0.0,0.0,0.0,3.0,6.0,0.0,0.0,6.0,4.0,2.0,1.0,2.0,2.0,1.0,0.0,4.0,0.0,1.0,2.0,1.0,0.0,4.0,14.0,4.0,6.0,0.0
Nuc-Met-5'-tRF,0.0,1.0,0.0,2.0,3.0,8.0,18.0,2.0,1.0,0.0,1.0,2.0,1.0,9.0,0.0,6.0,5.0,0.0,2.0,1.0,0.0,4.0,0.0,14.0,12.0,11.0,2.0,0.0,1.0,0.0,0.0,3.0,0.0,0.0,0.0,1.0,7.0,0.0,0.0,0.0,1.0,1.0,0.0,1.0,2.0,4.0,0.0,0.0,2.0,0.0,0.0,0.0,4.0,1.0,0.0,0.0,0.0,0.0,2.0,2.0,0.0,0.0,2.0,0.0,0.0,1.0,3.0,0.0,0.0,1.0,0.0,0.0,0.0,0.0,0.0,5.0,3.0,1.0,5.0,0.0
Nuc-Phe-3'-half,0.0,0.0,0.0,0.0,0.0,0.0,1.0,0.0,0.0,0.0,0.0,0.0,0.0,0.0,0.0,0.0,0.0,0.0,0.0,0.0,0.0,0.0,0.0,0.0,0.0,0.0,0.0,0.0,0.0,0.0,0.0,0.0,0.0,0.0,0.0,0.0,0.0,0.0,0.0,0.0,0.0,0.0,0.0,0.0,0.0,0.0,0.0,0.0,0.0,0.0,0.0,0.0,0.0,0.0,0.0,0.0,0.0,0.0,0.0,0.0,0.0,0.0,0.0,0.0,0.0,0.0,0.0,0.0,0.0,0.0,0.0,0.0,0.0,0.0,0.0,0.0,2.0,0.0,0.0,0.0
Nuc-Phe-3'-tRF,287.0,78.0,27.0,229.0,167.0,240.0,316.0,465.0,21.0,44.0,68.0,30.0,15.0,261.0,228.0,152.0,95.0,82.0,120.0,124.0,42.0,19.0,112.0,492.0,86.0,154.0,66.0,66.0,13.0,107.0,24.0,85.0,39.0,9.0,3.0,17.0,84.0,7.0,4.0,45.0,10.0,16.0,19.0,5.0,10.0,58.0,20.0,38.0,48.0,21.0,12.0,10.0,13.0,18.0,3.0,11.0,9.0,32.0,27.0,4.0,5.0,42.0,15.0,72.0,34.0,3.0,31.0,8.0,0.0,16.0,9.0,0.0,3.0,8.0,18.0,55.0,66.0,16.0,48.0,7.0
Nuc-Pro-3'-half,76.0,20.0,24.0,111.0,86.0,410.0,763.0,492.0,17.0,30.0,77.0,14.0,32.0,125.0,53.0,107.0,86.0,17.0,37.0,71.0,29.0,27.0,131.0,1716.0,49.0,61.0,20.0,33.0,12.0,68.0,33.0,35.0,1.0,0.0,0.0,13.0,41.0,6.0,4.0,10.0,4.0,10.0,5.0,3.0,8.0,13.0,12.0,21.0,55.0,3.0,2.0,2.0,4.0,13.0,0.0,3.0,6.0,12.0,44.0,5.0,0.0,36.0,5.0,15.0,7.0,0.0,27.0,5.0,0.0,18.0,9.0,2.0,4.0,7.0,11.0,40.0,30.0,42.0,22.0,4.0
Nuc-Pro-3'-tRF,198.0,62.0,87.0,198.0,183.0,397.0,793.0,686.0,64.0,82.0,206.0,27.0,79.0,277.0,152.0,227.0,112.0,78.0,122.0,121.0,61.0,32.0,124.0,1342.0,172.0,141.0,69.0,44.0,25.0,84.0,47.0,87.0,2.0,4.0,7.0,40.0,127.0,10.0,4.0,23.0,12.0,11.0,13.0,12.0,12.0,69.0,12.0,47.0,62.0,22.0,7.0,2.0,12.0,18.0,1.0,17.0,25.0,47.0,115.0,6.0,6.0,80.0,27.0,52.0,30.0,2.0,44.0,8.0,0.0,26.0,18.0,8.0,8.0,6.0,13.0,59.0,68.0,69.0,47.0,12.0
Nuc-Pro-5'-half,0.0,0.0,0.0,0.0,1.0,0.0,1.0,4.0,0.0,0.0,2.0,0.0,0.0,1.0,0.0,2.0,1.0,0.0,8.0,0.0,0.0,2.0,0.0,5.0,2.0,4.0,0.0,0.0,1.0,0.0,0.0,6.0,0.0,0.0,0.0,1.0,0.0,0.0,0.0,1.0,0.0,0.0,0.0,0.0,0.0,1.0,5.0,0.0,1.0,0.0,0.0,2.0,0.0,0.0,0.0,0.0,0.0,0.0,0.0,0.0,0.0,0.0,0.0,0.0,0.0,0.0,0.0,0.0,0.0,0.0,0.0,0.0,0.0,0.0,0.0,0.0,0.0,0.0,0.0,0.0
Nuc-Pro-5'-tRF,0.0,2.0,1.0,0.0,0.0,0.0,1.0,0.0,0.0,1.0,0.0,0.0,0.0,0.0,0.0,4.0,0.0,0.0,0.0,0.0,0.0,0.0,0.0,6.0,0.0,0.0,0.0,0.0,0.0,0.0,0.0,0.0,0.0,0.0,0.0,0.0,3.0,0.0,0.0,0.0,0.0,0.0,0.0,0.0,0.0,2.0,0.0,0.0,3.0,0.0,0.0,0.0,0.0,0.0,0.0,0.0,0.0,0.0,0.0,1.0,0.0,0.0,1.0,0.0,0.0,0.0,0.0,0.0,0.0,0.0,0.0,0.0,0.0,0.0,0.0,0.0,0.0,0.0,0.0,0.0
Nuc-Ser-3'-half,34.0,25.0,19.0,47.0,52.0,77.0,541.0,105.0,4.0,27.0,28.0,13.0,10.0,76.0,3.0,81.0,90.0,20.0,77.0,39.0,41.0,32.0,41.0,253.0,81.0,76.0,20.0,27.0,14.0,45.0,18.0,44.0,0.0,0.0,0.0,4.0,1.0,0.0,0.0,5.0,1.0,3.0,0.0,0.0,0.0,0.0,0.0,0.0,17.0,1.0,1.0,0.0,4.0,2.0,0.0,2.0,5.0,2.0,1.0,3.0,0.0,2.0,3.0,8.0,7.0,0.0,0.0,4.0,0.0,1.0,4.0,0.0,2.0,1.0,2.0,7.0,21.0,16.0,4.0,0.0
Nuc-Ser-3'-tRF,2157.0,380.0,149.0,1490.0,552.0,1499.0,6675.0,5317.0,166.0,447.0,376.0,117.0,180.0,1619.0,1548.0,1018.0,1042.0,634.0,605.0,818.0,190.0,189.0,1146.0,4048.0,563.0,774.0,227.0,242.0,95.0,1383.0,167.0,521.0,27.0,33.0,11.0,156.0,371.0,50.0,36.0,402.0,84.0,108.0,196.0,112.0,56.0,471.0,49.0,203.0,387.0,309.0,134.0,6.0,94.0,541.0,39.0,127.0,131.0,273.0,208.0,43.0,96.0,540.0,250.0,460.0,269.0,99.0,234.0,49.0,8.0,218.0,150.0,37.0,42.0,68.0,168.0,436.0,1317.0,408.0,364.0,105.0
Nuc-Ser-5'-tRF,18.0,3.0,4.0,6.0,4.0,4.0,21.0,41.0,0.0,5.0,8.0,0.0,2.0,14.0,11.0,12.0,8.0,1.0,13.0,1.0,0.0,3.0,2.0,84.0,22.0,9.0,0.0,2.0,1.0,5.0,0.0,13.0,3.0,0.0,0.0,7.0,12.0,0.0,0.0,3.0,1.0,1.0,4.0,0.0,1.0,5.0,4.0,8.0,12.0,6.0,1.0,0.0,0.0,2.0,0.0,3.0,4.0,1.0,1.0,1.0,3.0,11.0,9.0,0.0,3.0,0.0,2.0,1.0,1.0,6.0,2.0,0.0,0.0,0.0,5.0,8.0,9.0,6.0,7.0,0.0
Nuc-Thr-3'-half,102.0,57.0,31.0,115.0,65.0,183.0,1161.0,223.0,14.0,31.0,93.0,7.0,48.0,156.0,64.0,206.0,188.0,59.0,88.0,142.0,50.0,57.0,65.0,393.0,45.0,67.0,16.0,38.0,8.0,85.0,0.0,64.0,1.0,4.0,0.0,4.0,25.0,6.0,0.0,8.0,5.0,8.0,0.0,3.0,7.0,18.0,1.0,10.0,20.0,6.0,6.0,0.0,4.0,7.0,1.0,2.0,9.0,19.0,45.0,2.0,1.0,50.0,16.0,14.0,8.0,2.0,13.0,6.0,0.0,9.0,13.0,5.0,1.0,3.0,4.0,25.0,40.0,35.0,17.0,1.0
Nuc-Thr-3'-tRF,1158.0,240.0,106.0,1263.0,499.0,1977.0,3451.0,4512.0,65.0,269.0,311.0,78.0,164.0,1227.0,1137.0,911.0,639.0,358.0,343.0,506.0,75.0,89.0,677.0,2847.0,291.0,444.0,170.0,162.0,61.0,671.0,66.0,399.0,7.0,14.0,6.0,65.0,293.0,24.0,27.0,187.0,86.0,117.0,162.0,65.0,58.0,383.0,47.0,159.0,223.0,163.0,47.0,7.0,82.0,318.0,19.0,104.0,70.0,168.0,124.0,41.0,46.0,188.0,75.0,316.0,204.0,52.0,328.0,22.0,4.0,79.0,71.0,16.0,22.0,42.0,80.0,243.0,672.0,113.0,248.0,28.0
Nuc-Thr-5'-half,0.0,0.0,0.0,0.0,0.0,0.0,0.0,0.0,0.0,0.0,0.0,0.0,0.0,0.0,0.0,0.0,0.0,0.0,0.0,0.0,0.0,0.0,0.0,7.0,2.0,0.0,0.0,0.0,0.0,0.0,0.0,2.0,0.0,0.0,0.0,0.0,0.0,0.0,0.0,0.0,0.0,0.0,0.0,0.0,0.0,0.0,0.0,0.0,0.0,0.0,0.0,0.0,0.0,0.0,0.0,0.0,0.0,0.0,0.0,0.0,0.0,1.0,0.0,0.0,0.0,0.0,0.0,0.0,0.0,0.0,0.0,0.0,0.0,0.0,0.0,0.0,1.0,0.0,0.0,0.0
Nuc-Thr-5'-tRF,5.0,0.0,0.0,1.0,0.0,9.0,0.0,5.0,0.0,0.0,0.0,2.0,0.0,2.0,0.0,4.0,0.0,2.0,0.0,0.0,1.0,0.0,0.0,14.0,2.0,3.0,0.0,0.0,1.0,0.0,0.0,1.0,0.0,0.0,0.0,0.0,0.0,0.0,0.0,0.0,0.0,0.0,0.0,2.0,0.0,1.0,0.0,1.0,6.0,0.0,1.0,1.0,0.0,0.0,0.0,0.0,1.0,0.0,0.0,0.0,1.0,0.0,0.0,1.0,8.0,0.0,0.0,0.0,1.0,0.0,1.0,0.0,0.0,0.0,0.0,0.0,0.0,0.0,0.0,0.0
Nuc-Trp-3'-half,2.0,2.0,1.0,17.0,0.0,0.0,27.0,0.0,1.0,0.0,10.0,1.0,1.0,6.0,0.0,13.0,8.0,0.0,5.0,2.0,1.0,2.0,0.0,2.0,2.0,4.0,0.0,4.0,2.0,0.0,0.0,4.0,0.0,0.0,0.0,1.0,2.0,0.0,0.0,0.0,0.0,0.0,0.0,1.0,0.0,0.0,1.0,1.0,1.0,0.0,0.0,0.0,0.0,0.0,0.0,0.0,0.0,1.0,0.0,0.0,0.0,0.0,0.0,0.0,1.0,0.0,0.0,0.0,0.0,1.0,0.0,0.0,0.0,0.0,0.0,0.0,3.0,4.0,5.0,1.0
Nuc-Trp-3'-tRF,798.0,113.0,119.0,746.0,331.0,617.0,889.0,1803.0,48.0,103.0,145.0,48.0,54.0,487.0,661.0,316.0,178.0,125.0,121.0,141.0,47.0,58.0,160.0,780.0,164.0,119.0,31.0,51.0,31.0,428.0,32.0,127.0,84.0,25.0,5.0,54.0,145.0,15.0,31.0,152.0,34.0,37.0,27.0,36.0,31.0,152.0,49.0,70.0,101.0,71.0,14.0,9.0,13.0,84.0,5.0,46.0,20.0,86.0,72.0,10.0,28.0,159.0,53.0,154.0,101.0,22.0,74.0,7.0,0.0,52.0,36.0,3.0,4.0,24.0,46.0,140.0,230.0,108.0,96.0,22.0
Nuc-Trp-5'-half,0.0,0.0,0.0,0.0,0.0,0.0,0.0,0.0,0.0,0.0,0.0,0.0,0.0,0.0,0.0,0.0,0.0,0.0,0.0,0.0,0.0,1.0,0.0,0.0,0.0,0.0,0.0,0.0,0.0,0.0,0.0,0.0,0.0,0.0,0.0,0.0,0.0,0.0,0.0,0.0,0.0,0.0,0.0,0.0,0.0,0.0,0.0,0.0,0.0,0.0,0.0,0.0,0.0,0.0,0.0,0.0,0.0,0.0,0.0,0.0,0.0,0.0,0.0,0.0,0.0,0.0,0.0,0.0,0.0,0.0,0.0,0.0,0.0,0.0,0.0,0.0,0.0,2.0,0.0,0.0
Nuc-Trp-5'-tRF,0.0,1.0,0.0,0.0,4.0,0.0,1.0,0.0,0.0,1.0,0.0,0.0,1.0,0.0,0.0,0.0,3.0,0.0,3.0,0.0,0.0,0.0,0.0,28.0,0.0,0.0,0.0,0.0,1.0,7.0,0.0,1.0,0.0,1.0,1.0,0.0,0.0,0.0,0.0,0.0,0.0,2.0,0.0,0.0,0.0,0.0,0.0,2.0,3.0,0.0,0.0,0.0,0.0,0.0,0.0,0.0,0.0,0.0,0.0,1.0,0.0,1.0,1.0,0.0,0.0,0.0,0.0,0.0,1.0,0.0,1.0,0.0,0.0,0.0,0.0,3.0,0.0,2.0,1.0,0.0
Nuc-Tyr-3'-half,0.0,3.0,0.0,2.0,1.0,0.0,11.0,3.0,1.0,0.0,0.0,0.0,0.0,0.0,6.0,5.0,0.0,0.0,0.0,0.0,0.0,0.0,0.0,0.0,0.0,3.0,0.0,1.0,0.0,1.0,0.0,0.0,0.0,0.0,0.0,0.0,0.0,0.0,0.0,0.0,0.0,0.0,0.0,0.0,0.0,0.0,0.0,0.0,0.0,0.0,0.0,0.0,0.0,0.0,0.0,0.0,0.0,0.0,0.0,0.0,0.0,0.0,0.0,0.0,0.0,0.0,0.0,0.0,0.0,0.0,0.0,0.0,1.0,0.0,0.0,2.0,0.0,0.0,0.0,0.0
Nuc-Tyr-3'-tRF,249.0,80.0,11.0,267.0,149.0,269.0,308.0,650.0,33.0,102.0,62.0,29.0,19.0,277.0,172.0,186.0,152.0,91.0,136.0,105.0,22.0,30.0,123.0,321.0,83.0,152.0,32.0,57.0,42.0,156.0,13.0,102.0,2.0,4.0,4.0,8.0,74.0,8.0,5.0,79.0,11.0,19.0,42.0,14.0,17.0,80.0,2.0,25.0,42.0,77.0,12.0,2.0,20.0,21.0,5.0,24.0,19.0,54.0,17.0,9.0,11.0,81.0,30.0,84.0,44.0,8.0,22.0,8.0,0.0,22.0,27.0,1.0,10.0,20.0,35.0,63.0,101.0,13.0,78.0,14.0
Nuc-Tyr-5'-tRF,0.0,0.0,0.0,0.0,0.0,0.0,0.0,0.0,0.0,0.0,0.0,0.0,0.0,0.0,0.0,0.0,0.0,0.0,0.0,0.0,0.0,0.0,0.0,0.0,0.0,0.0,0.0,3.0,0.0,0.0,0.0,0.0,0.0,0.0,0.0,0.0,0.0,0.0,0.0,0.0,0.0,0.0,0.0,0.0,0.0,0.0,0.0,0.0,0.0,0.0,1.0,0.0,0.0,0.0,0.0,0.0,0.0,0.0,0.0,0.0,0.0,0.0,0.0,0.0,0.0,0.0,0.0,0.0,0.0,1.0,0.0,0.0,0.0,0.0,0.0,0.0,0.0,0.0,0.0,0.0
Nuc-Val-3'-half,588.0,202.0,154.0,728.0,334.0,1024.0,1842.0,2298.0,78.0,223.0,555.0,86.0,163.0,958.0,378.0,664.0,582.0,207.0,226.0,317.0,134.0,92.0,449.0,2170.0,255.0,299.0,102.0,118.0,36.0,419.0,48.0,208.0,14.0,14.0,7.0,31.0,90.0,10.0,7.0,34.0,7.0,19.0,12.0,16.0,12.0,89.0,2.0,43.0,87.0,14.0,28.0,4.0,32.0,52.0,2.0,15.0,44.0,32.0,61.0,21.0,5.0,105.0,64.0,48.0,35.0,10.0,79.0,19.0,0.0,27.0,36.0,24.0,8.0,36.0,19.0,123.0,208.0,112.0,43.0,18.0
Nuc-Val-3'-tRF,2135.0,655.0,170.0,2231.0,880.0,4134.0,4740.0,7803.0,172.0,653.0,661.0,157.0,231.0,2030.0,1878.0,1780.0,1359.0,539.0,784.0,955.0,208.0,244.0,1172.0,5871.0,982.0,958.0,366.0,346.0,109.0,1189.0,188.0,689.0,17.0,43.0,40.0,108.0,571.0,58.0,39.0,389.0,202.0,145.0,226.0,123.0,111.0,627.0,84.0,274.0,417.0,259.0,129.0,12.0,115.0,317.0,21.0,137.0,94.0,273.0,279.0,48.0,80.0,449.0,284.0,499.0,288.0,122.0,301.0,45.0,3.0,207.0,208.0,34.0,45.0,119.0,172.0,586.0,1142.0,256.0,391.0,111.0
Nuc-Val-5'-half,24.0,28.0,17.0,27.0,13.0,184.0,134.0,245.0,4.0,34.0,12.0,1.0,22.0,61.0,280.0,261.0,91.0,15.0,40.0,13.0,23.0,24.0,35.0,844.0,114.0,37.0,9.0,17.0,2.0,41.0,178.0,145.0,0.0,2.0,2.0,3.0,14.0,0.0,0.0,0.0,0.0,2.0,0.0,2.0,1.0,4.0,2.0,3.0,10.0,3.0,0.0,0.0,0.0,6.0,0.0,0.0,0.0,4.0,3.0,0.0,0.0,12.0,2.0,2.0,2.0,0.0,1.0,0.0,1.0,12.0,2.0,1.0,0.0,0.0,4.0,1.0,22.0,5.0,3.0,0.0
Nuc-Val-5'-tRF,3.0,7.0,3.0,17.0,22.0,26.0,97.0,52.0,4.0,9.0,13.0,2.0,5.0,23.0,19.0,24.0,19.0,2.0,13.0,7.0,13.0,2.0,22.0,232.0,18.0,17.0,7.0,9.0,3.0,6.0,5.0,15.0,2.0,2.0,0.0,4.0,14.0,0.0,0.0,2.0,1.0,1.0,3.0,2.0,6.0,4.0,5.0,3.0,13.0,3.0,0.0,0.0,3.0,1.0,0.0,1.0,7.0,2.0,2.0,3.0,0.0,8.0,3.0,4.0,2.0,1.0,0.0,1.0,0.0,4.0,2.0,0.0,1.0,0.0,8.0,17.0,7.0,12.0,10.0,1.0
